Begin IP Address;End IP Address;Total Count
186.124.220.112;186.143.255.255;1,254,288
181.78.32.0;181.94.196.255;1,090,816
181.94.251.0;181.110.253.159;1,049,248
201.251.99.96;201.251.103.31;960
200.0.197.72;200.0.200.255;952
181.209.65.224;181.209.69.143;944
200.41.58.0;200.41.61.131;900
200.55.45.128;200.55.48.255;896
190.216.88.20;190.216.91.131;880
190.216.16.28;190.216.19.95;836
200.41.20.128;200.41.23.191;832
200.12.220.204;200.12.223.255;820
200.41.63.192;200.41.66.223;800
181.20.0.0;181.31.255.255;786,432
2.19.108.0;2.19.110.255;768
23.52.196.0;23.52.198.255;768
23.52.221.0;23.52.223.255;768
23.192.129.0;23.192.131.255;768
23.222.178.0;23.222.180.255;768
45.6.212.0;45.6.214.255;768
45.166.76.0;45.166.78.255;768
45.171.80.0;45.171.82.255;768
45.172.219.0;45.172.221.255;768
45.173.181.0;45.173.183.255;768
45.174.129.0;45.174.131.255;768
45.175.136.0;45.175.138.255;768
45.227.128.0;45.227.130.255;768
45.229.84.0;45.229.86.255;768
45.231.156.0;45.231.158.255;768
45.235.96.0;45.235.98.255;768
165.183.120.0;165.183.122.255;768
168.227.204.0;168.227.206.255;768
185.98.145.0;185.98.147.255;768
190.98.132.0;190.98.134.255;768
190.103.177.0;190.103.179.255;768
200.1.116.0;200.1.118.255;768
200.9.235.0;200.9.237.255;768
200.14.37.0;200.14.39.255;768
200.31.1.0;200.31.3.255;768
200.41.67.0;200.41.69.255;768
200.115.185.0;200.115.187.255;768
201.251.80.0;201.251.82.255;768
138.117.76.0;138.117.78.252;765
200.32.84.0;200.32.86.247;760
200.49.6.80;200.49.9.27;716
190.13.208.0;190.13.210.179;692
181.14.202.19;181.14.204.167;661
181.0.0.0;181.10.18.87;660,056
200.108.69.140;200.108.71.255;628
190.104.244.128;190.104.246.223;608
200.41.61.136;200.41.63.187;564
181.164.0.0;181.171.255.255;524,288
190.172.0.0;190.179.255.255;524,288
190.188.0.0;190.195.255.255;524,288
190.224.0.0;190.231.255.255;524,288
170.78.192.0;170.78.194.11;524
2.17.202.0;2.17.203.255;512
2.23.102.0;2.23.103.255;512
5.83.0.0;5.83.1.255;512
23.52.192.0;23.52.193.255;512
23.56.218.0;23.56.219.255;512
23.72.230.0;23.72.231.255;512
23.77.192.0;23.77.193.255;512
23.197.58.0;23.197.59.255;512
23.197.242.0;23.197.243.255;512
34.100.44.0;34.100.45.255;512
45.160.78.0;45.160.79.255;512
45.162.20.0;45.162.21.255;512
45.164.204.0;45.164.205.255;512
45.165.154.0;45.165.155.255;512
45.167.120.0;45.167.121.255;512
45.169.52.0;45.169.53.255;512
45.169.250.0;45.169.251.255;512
45.170.108.0;45.170.109.255;512
45.172.176.0;45.172.177.255;512
45.174.178.0;45.174.179.255;512
45.176.194.0;45.176.195.255;512
45.179.54.0;45.179.55.255;512
45.182.186.0;45.182.187.255;512
45.225.40.0;45.225.41.255;512
45.225.68.0;45.225.69.255;512
45.226.184.0;45.226.185.255;512
45.230.34.0;45.230.35.255;512
45.230.86.0;45.230.87.255;512
45.234.160.0;45.234.161.255;512
46.248.26.0;46.248.27.255;512
170.238.66.0;170.238.67.255;512
179.0.0.0;179.0.1.255;512
179.0.147.0;179.0.148.255;512
179.0.150.0;179.0.151.255;512
181.15.148.32;181.15.150.31;512
181.94.239.0;181.94.240.255;512
181.191.186.0;181.191.187.255;512
190.61.204.0;190.61.205.255;512
190.61.208.0;190.61.209.255;512
190.98.155.0;190.98.156.255;512
190.98.158.0;190.98.159.255;512
190.98.162.0;190.98.163.255;512
192.100.186.0;192.100.187.255;512
192.231.120.0;192.231.121.255;512
196.32.67.0;196.32.68.255;512
200.0.79.0;200.0.80.255;512
200.4.68.0;200.4.69.255;512
200.9.212.0;200.9.213.255;512
200.9.226.0;200.9.227.255;512
200.9.253.0;200.9.254.255;512
200.10.139.0;200.10.140.255;512
200.10.180.0;200.10.181.255;512
200.10.201.0;200.10.202.255;512
200.14.74.0;200.14.75.255;512
200.16.64.0;200.16.65.255;512
200.61.254.0;200.61.255.255;512
200.110.156.0;200.110.157.255;512
200.123.206.0;200.123.207.255;512
200.124.122.0;200.124.123.255;512
200.126.62.0;200.126.63.255;512
201.131.74.0;201.131.75.255;512
201.131.118.0;201.131.119.255;512
204.55.128.0;204.55.129.255;512
186.56.75.64;186.64.15.255;509,12
170.78.194.16;170.78.195.255;496
190.111.214.56;190.111.216.39;496
200.41.23.224;200.41.25.199;488
181.15.146.72;181.15.148.23;464
200.32.112.96;200.32.114.47;464
190.216.94.56;190.216.95.255;456
190.104.202.220;190.104.204.159;452
200.58.96.0;200.58.97.191;448
201.251.78.32;201.251.79.223;448
200.55.14.200;200.55.16.127;440
201.251.110.128;201.251.112.47;432
181.209.77.120;181.209.79.23;416
200.58.112.144;200.58.114.43;412
190.104.221.8;190.104.222.159;408
190.111.216.48;190.111.217.191;400
201.176.0.0;201.182.3.255;394,24
179.36.0.0;179.41.255.255;393,216
191.80.0.0;191.85.255.255;393,216
200.32.87.16;200.32.88.151;392
201.251.88.0;201.251.89.127;384
64.116.230.240;64.116.232.63;336
179.43.117.248;179.43.119.71;336
179.43.112.0;179.43.113.75;332
64.76.28.79;64.76.29.143;321
190.216.92.248;190.216.94.47;312
179.43.115.32;179.43.116.79;304
200.108.126.0;200.108.127.47;304
83.146.21.225;83.146.22.255;287
200.85.152.0;200.85.153.23;280
190.15.192.0;190.19.255.255;278,528
190.104.219.48;190.104.220.63;272
200.81.113.0;200.81.114.15;272
186.64.37.12;186.64.38.24;269
201.251.232.0;201.255.255.255;268,288
152.168.0.0;152.171.255.255;262,144
181.44.0.0;181.47.255.255;262,144
181.228.0.0;181.231.255.255;262,144
186.108.0.0;186.111.255.255;262,144
190.48.0.0;190.51.255.255;262,144
190.244.0.0;190.247.255.255;262,144
190.216.91.236;190.216.92.239;260
200.32.98.236;200.32.99.239;260
138.117.78.255;138.117.79.255;257
186.64.35.0;186.64.36.0;257
23.14.66.0;23.14.66.255;256
23.14.73.0;23.14.73.255;256
23.51.148.0;23.51.148.255;256
23.51.153.0;23.51.153.255;256
23.51.157.0;23.51.157.255;256
23.56.215.0;23.56.215.255;256
23.78.29.0;23.78.29.255;256
23.192.133.0;23.192.133.255;256
23.192.135.0;23.192.135.255;256
23.204.102.0;23.204.102.255;256
23.222.184.0;23.222.184.255;256
23.222.187.0;23.222.187.255;256
23.222.189.0;23.222.189.255;256
23.222.191.0;23.222.191.255;256
23.237.23.0;23.237.23.255;256
31.7.189.0;31.7.189.255;256
31.13.94.0;31.13.94.255;256
32.59.55.0;32.59.55.255;256
32.104.16.0;32.104.16.255;256
45.4.97.0;45.4.97.255;256
45.5.15.0;45.5.15.255;256
45.8.18.0;45.8.18.255;256
45.65.202.0;45.65.202.255;256
45.65.252.0;45.65.252.255;256
45.71.5.0;45.71.5.255;256
45.71.106.0;45.71.106.255;256
45.162.125.0;45.162.125.255;256
45.163.31.0;45.163.31.255;256
45.167.127.0;45.167.127.255;256
45.168.80.0;45.168.80.255;256
45.179.60.0;45.179.60.255;256
45.182.143.0;45.182.143.255;256
45.224.184.0;45.224.184.255;256
45.224.203.0;45.224.203.255;256
45.225.134.0;45.225.134.255;256
45.226.58.0;45.226.58.255;256
45.227.252.0;45.227.252.255;256
45.228.202.0;45.228.202.255;256
45.229.74.0;45.229.74.255;256
45.230.20.0;45.230.20.255;256
45.234.87.0;45.234.87.255;256
45.239.107.0;45.239.107.255;256
45.239.114.0;45.239.114.255;256
64.215.200.0;64.215.200.255;256
66.201.189.0;66.201.189.255;256
66.253.49.0;66.253.49.255;256
69.25.11.0;69.25.11.255;256
72.246.213.0;72.246.213.255;256
72.246.215.0;72.246.215.255;256
84.9.215.0;84.9.215.255;256
104.132.57.0;104.132.57.255;256
104.132.184.0;104.132.184.255;256
128.90.106.0;128.90.106.255;256
128.90.113.0;128.90.113.255;256
131.108.68.0;131.108.68.255;256
143.0.100.0;143.0.100.255;256
145.233.31.0;145.233.31.255;256
148.64.21.0;148.64.21.255;256
149.126.35.0;149.126.35.255;256
158.26.96.0;158.26.96.255;256
160.20.247.0;160.20.247.255;256
160.238.63.0;160.238.63.255;256
163.116.157.0;163.116.157.255;256
164.163.240.0;164.163.240.255;256
170.78.184.0;170.78.184.255;256
170.81.139.0;170.81.139.255;256
170.83.58.0;170.83.58.255;256
170.246.78.0;170.246.78.255;256
177.39.97.0;177.39.97.255;256
179.0.11.0;179.0.11.255;256
179.0.14.0;179.0.14.255;256
179.0.25.0;179.0.25.255;256
179.0.193.0;179.0.193.255;256
179.0.203.0;179.0.203.255;256
181.94.211.0;181.94.211.255;256
185.2.178.0;185.2.178.255;256
186.64.33.0;186.64.33.255;256
190.61.54.0;190.61.54.255;256
190.61.219.0;190.61.219.255;256
190.61.250.0;190.61.250.255;256
190.90.120.0;190.90.120.255;256
190.98.128.0;190.98.128.255;256
190.111.63.0;190.111.63.255;256
190.112.202.0;190.112.202.255;256
190.114.6.0;190.114.6.255;256
190.211.144.0;190.211.144.255;256
191.97.255.0;191.97.255.255;256
192.67.23.0;192.67.23.255;256
192.100.157.0;192.100.157.255;256
192.100.254.0;192.100.254.255;256
192.140.126.0;192.140.126.255;256
192.145.70.0;192.145.70.255;256
196.32.64.0;196.32.64.255;256
196.32.70.0;196.32.70.255;256
196.32.74.0;196.32.74.255;256
196.32.77.0;196.32.77.255;256
196.32.79.0;196.32.79.255;256
196.32.82.0;196.32.82.255;256
196.32.84.0;196.32.84.255;256
196.32.95.0;196.32.95.255;256
199.248.144.0;199.248.144.255;256
200.0.17.0;200.0.17.255;256
200.0.19.0;200.0.19.255;256
200.0.175.0;200.0.175.255;256
200.1.7.0;200.1.7.255;256
200.1.113.0;200.1.113.255;256
200.3.195.0;200.3.195.255;256
200.3.243.0;200.3.243.255;256
200.4.59.0;200.4.59.255;256
200.5.10.0;200.5.10.255;256
200.7.15.0;200.7.15.255;256
200.9.75.0;200.9.75.255;256
200.9.147.0;200.9.147.255;256
200.9.157.0;200.9.157.255;256
200.9.169.0;200.9.169.255;256
200.9.181.0;200.9.181.255;256
200.9.194.0;200.9.194.255;256
200.9.208.0;200.9.208.255;256
200.9.219.0;200.9.219.255;256
200.9.229.0;200.9.229.255;256
200.10.161.0;200.10.161.255;256
200.10.186.0;200.10.186.255;256
200.10.191.0;200.10.191.255;256
200.10.196.0;200.10.196.255;256
200.10.199.0;200.10.199.255;256
200.10.204.0;200.10.204.255;256
200.10.207.0;200.10.207.255;256
200.10.219.0;200.10.219.255;256
200.11.29.0;200.11.29.255;256
200.12.154.0;200.12.154.255;256
200.12.192.0;200.12.192.255;256
200.13.83.0;200.13.83.255;256
200.14.116.0;200.14.116.255;256
200.16.89.0;200.16.89.255;256
200.16.116.0;200.16.116.255;256
200.23.84.0;200.23.84.255;256
200.23.207.0;200.23.207.255;256
200.31.11.0;200.31.11.255;256
200.33.4.0;200.33.4.255;256
200.33.28.0;200.33.28.255;256
200.33.67.0;200.33.67.255;256
200.33.82.0;200.33.82.255;256
200.33.203.0;200.33.203.255;256
200.34.215.0;200.34.215.255;256
200.41.8.0;200.41.8.255;256
200.41.112.0;200.41.112.255;256
200.61.82.128;200.61.83.127;256
200.61.88.0;200.61.88.255;256
200.105.51.0;200.105.51.255;256
200.107.81.0;200.107.81.255;256
200.123.200.0;200.123.200.255;256
200.124.126.0;200.124.126.255;256
201.131.47.0;201.131.47.255;256
201.131.79.0;201.131.79.255;256
201.131.102.0;201.131.102.255;256
201.219.252.0;201.219.252.255;256
201.220.28.0;201.220.28.255;256
201.221.120.0;201.221.120.255;256
206.73.102.0;206.73.102.255;256
207.248.85.0;207.248.85.255;256
209.88.23.0;209.88.23.255;256
216.22.100.0;216.22.100.255;256
216.194.134.0;216.194.134.255;256
217.146.15.0;217.146.15.255;256
217.146.28.0;217.146.28.255;256
45.235.99.8;45.235.99.255;248
179.43.116.152;179.43.117.139;244
200.32.125.128;200.32.126.112;241
179.43.114.16;179.43.114.255;240
200.108.68.72;200.108.69.55;240
201.234.128.0;201.234.128.239;240
200.32.126.115;200.32.127.83;225
83.146.21.0;83.146.21.223;224
190.216.73.16;190.216.73.239;224
200.7.191.32;200.7.191.255;224
201.234.144.224;201.234.145.191;224
200.55.0.0;200.55.0.207;208
181.10.210.40;181.10.210.239;200
200.41.113.64;200.41.113.255;192
201.234.128.244;201.234.129.175;188
186.122.0.0;186.124.220.103;187,496
186.64.36.75;186.64.37.5;187
190.104.220.72;190.104.220.255;184
181.209.64.8;181.209.64.183;176
186.250.152.56;186.250.152.223;168
200.49.15.96;200.49.15.255;160
200.108.123.176;200.108.124.79;160
190.137.162.0;190.139.255.255;155,136
179.43.113.112;179.43.114.7;152
200.55.2.159;200.55.3.47;145
181.10.249.112;181.13.16.135;136,984
212.158.248.0;212.158.248.132;133
181.209.64.188;181.209.65.63;132
181.238.0.0;181.239.255.255;131,072
186.12.0.0;186.13.255.255;131,072
186.18.0.0;186.19.255.255;131,072
186.22.0.0;186.23.255.255;131,072
186.157.0.0;186.158.255.255;131,072
201.212.0.0;201.213.255.255;131,072
201.234.144.55;201.234.144.183;129
5.83.5.0;5.83.5.127;128
82.114.142.128;82.114.142.255;128
185.74.22.128;185.74.22.255;128
186.250.154.128;186.250.154.255;128
190.61.200.0;190.61.200.127;128
190.98.167.128;190.98.167.255;128
190.98.178.128;190.98.178.255;128
200.41.70.128;200.41.70.255;128
200.55.14.64;200.55.14.191;128
200.123.196.128;200.123.196.255;128
200.123.198.128;200.123.198.255;128
201.234.4.128;201.234.4.255;128
201.251.90.0;201.251.90.127;128
207.209.55.0;207.209.55.127;128
200.55.8.56;200.55.8.177;122
212.158.248.134;212.158.248.255;122
186.64.16.64;186.64.16.175;112
186.152.0.0;186.153.179.31;111,392
200.32.98.128;200.32.98.234;107
190.136.0.0;190.137.160.255;106,752
200.55.8.232;200.55.9.79;104
186.38.120.0;186.39.255.255;100,352
190.182.128.0;190.183.255.255;98,304
200.126.128.0;200.127.255.255;98,304
64.116.230.32;64.116.230.127;96
181.209.15.64;181.209.15.159;96
190.216.91.136;190.216.91.231;96
181.15.150.40;181.16.255.255;92,632
190.220.142.112;190.221.236.255;89,744
186.182.80.168;186.182.80.255;88
200.11.112.0;200.11.112.87;88
200.55.1.160;200.55.1.247;88
181.118.176.0;181.119.255.255;86,016
195.22.220.42;195.22.220.124;83
200.69.192.0;200.70.255.255;81,92
200.55.1.48;200.55.1.127;80
190.30.222.232;190.31.255.255;74,008
64.116.225.64;64.116.225.135;72
179.43.119.80;179.43.119.151;72
201.234.129.184;201.234.129.255;72
181.116.0.0;181.117.20.255;70,912
200.50.240.0;200.51.255.255;69,632
181.117.22.0;181.118.31.255;68,096
200.41.151.128;200.42.159.255;67,712
201.234.248.0;201.235.255.255;67,584
201.250.0.0;201.251.3.63;66,368
24.232.0.0;24.232.255.255;65,536
140.191.0.0;140.191.255.255;65,536
157.92.0.0;157.92.255.255;65,536
161.190.0.0;161.190.255.255;65,536
163.10.0.0;163.10.255.255;65,536
167.252.0.0;167.252.255.255;65,536
168.83.0.0;168.83.255.255;65,536
168.96.0.0;168.96.255.255;65,536
168.101.0.0;168.101.255.255;65,536
168.226.0.0;168.226.255.255;65,536
170.155.0.0;170.155.255.255;65,536
170.210.0.0;170.210.255.255;65,536
179.62.0.0;179.62.255.255;65,536
186.100.0.0;186.100.255.255;65,536
186.191.0.0;186.191.255.255;65,536
190.55.0.0;190.55.255.255;65,536
200.45.0.0;200.45.255.255;65,536
200.117.0.0;200.117.255.255;65,536
201.231.0.0;201.231.255.255;65,536
209.13.0.0;209.13.255.255;65,536
200.63.103.121;200.63.103.185;65
64.58.88.64;64.58.88.127;64
64.116.224.192;64.116.224.255;64
64.116.233.64;64.116.233.127;64
64.116.234.0;64.116.234.63;64
64.116.234.128;64.116.234.191;64
64.116.238.128;64.116.238.191;64
199.87.187.192;199.87.187.255;64
200.108.120.208;200.108.121.15;64
201.251.99.0;201.251.99.63;64
205.248.144.192;205.248.144.255;64
207.209.88.192;207.209.88.255;64
209.177.146.64;209.177.146.127;64
190.210.7.176;190.210.255.255;63,568
200.43.12.0;200.43.255.255;62,464
64.95.245.64;64.95.245.123;60
200.32.127.88;200.32.127.147;60
200.55.0.212;200.55.1.15;60
200.81.152.0;200.82.127.255;59,392
181.13.228.248;181.14.202.17;58,65
190.30.0.0;190.30.222.223;57,056
64.116.224.72;64.116.224.127;56
181.209.79.48;181.209.79.103;56
190.105.228.200;190.105.228.255;56
200.55.9.88;200.55.9.143;56
200.55.9.152;200.55.9.207;56
200.81.114.72;200.81.114.127;56
181.13.16.144;181.13.228.239;54,368
200.49.9.32;200.49.9.83;52
200.49.9.124;200.49.9.175;52
181.110.253.168;181.111.198.127;51,416
200.55.8.179;200.55.8.227;49
179.43.117.192;179.43.117.239;48
186.250.153.176;186.250.153.223;48
200.55.14.8;200.55.14.55;48
200.81.117.80;200.81.117.127;48
200.108.123.112;200.108.123.159;48
200.123.198.16;200.123.198.63;48
186.250.154.76;186.250.154.119;44
200.123.32.0;200.123.193.255;41,472
190.114.64.0;190.114.223.255;40,96
200.59.32.0;200.59.183.255;38,912
200.114.120.0;200.115.15.255;38,912
186.182.234.0;186.183.127.255;38,4
186.182.84.0;186.182.232.255;38,144
181.10.18.96;181.10.161.39;36,552
190.220.0.0;190.220.142.103;36,456
200.0.197.32;200.0.197.67;36
200.41.25.204;200.41.25.239;36
200.81.114.28;200.81.114.63;36
200.81.117.248;200.81.118.27;36
190.104.246.232;190.105.127.255;35,096
200.61.89.64;200.61.223.255;34,496
190.2.240.0;190.3.112.143;32,912
190.185.128.0;190.185.255.255;32,768
190.197.128.0;190.197.255.255;32,768
200.26.0.0;200.26.127.255;32,768
200.68.192.0;200.69.63.255;32,768
200.122.0.0;200.122.127.255;32,768
201.190.128.0;201.190.255.255;32,768
63.250.133.224;63.250.133.255;32
64.35.35.160;64.35.35.191;32
64.35.51.32;64.35.51.63;32
64.116.224.0;64.116.224.31;32
64.116.225.176;64.116.225.207;32
64.117.128.160;64.117.128.191;32
131.100.186.96;131.100.186.127;32
181.209.65.96;181.209.65.127;32
181.209.65.160;181.209.65.191;32
185.151.8.32;185.151.8.63;32
185.151.10.144;185.151.10.175;32
186.250.154.32;186.250.154.63;32
190.98.130.32;190.98.130.63;32
195.138.240.128;195.138.240.159;32
195.138.243.0;195.138.243.31;32
199.255.25.32;199.255.25.63;32
200.32.125.88;200.32.125.119;32
200.49.9.88;200.49.9.119;32
200.55.2.32;200.55.2.63;32
200.81.118.148;200.81.118.179;32
200.108.122.0;200.108.122.31;32
206.73.107.192;206.73.107.223;32
206.182.170.64;206.182.170.95;32
209.28.6.32;209.28.6.63;32
216.22.217.32;216.22.217.63;32
181.14.242.112;181.15.107.199;31,064
191.97.128.0;191.97.247.255;30,72
186.38.0.0;186.38.116.255;29,952
190.11.96.0;190.11.207.255;28,672
181.192.0.0;181.192.95.255;24,576
190.12.160.0;190.12.255.255;24,576
190.92.160.0;190.92.255.255;24,576
190.122.0.0;190.122.95.255;24,576
200.49.64.0;200.49.159.255;24,576
179.43.113.80;179.43.113.103;24
179.43.116.88;179.43.116.111;24
179.43.117.160;179.43.117.183;24
186.250.154.0;186.250.154.23;24
200.55.223.136;200.55.223.159;24
200.81.118.232;200.81.118.255;24
201.234.145.200;201.234.145.223;24
200.47.81.0;200.47.171.255;23,296
186.64.36.3;186.64.36.24;22
200.63.108.0;200.63.191.255;21,504
200.61.0.0;200.61.82.63;21,056
195.22.220.20;195.22.220.40;21
200.3.32.0;200.3.113.255;20,992
200.80.154.56;200.80.235.95;20,776
201.251.112.64;201.251.192.255;20,672
186.182.0.0;186.182.80.159;20,64
181.118.64.0;181.118.143.255;20,48
186.96.128.0;186.96.207.255;20,48
186.190.128.0;186.190.207.255;20,48
200.47.0.0;200.47.79.255;20,48
195.22.220.236;195.22.220.255;20
201.234.144.192;201.234.144.211;20
200.31.224.0;200.32.44.255;19,712
186.153.179.40;186.153.255.255;19,672
191.102.244.0;191.103.63.255;19,456
186.56.0.0;186.56.74.255;19,2
201.251.3.128;201.251.77.255;19,072
200.55.54.152;200.55.127.255;18,792
200.16.120.0;200.16.192.255;18,688
170.51.120.0;170.51.191.255;18,432
190.112.56.0;190.112.127.255;18,432
157.240.63.142;157.240.63.159;18
200.80.235.128;200.81.47.255;17,536
195.22.220.0;195.22.220.16;17
186.64.38.26;186.64.103.255;16,87
66.60.0.0;66.60.63.255;16,384
181.177.0.0;181.177.63.255;16,384
181.197.192.0;181.197.255.255;16,384
186.4.64.0;186.4.127.255;16,384
186.33.0.0;186.33.63.255;16,384
186.33.192.0;186.33.255.255;16,384
186.96.0.0;186.96.63.255;16,384
186.121.128.0;186.121.191.255;16,384
186.177.192.0;186.177.255.255;16,384
186.189.64.0;186.189.127.255;16,384
190.1.0.0;190.1.63.255;16,384
190.2.0.0;190.2.63.255;16,384
190.60.128.0;190.60.191.255;16,384
190.97.0.0;190.97.63.255;16,384
190.103.192.0;190.103.255.255;16,384
190.104.32.0;190.104.95.255;16,384
190.113.128.0;190.113.191.255;16,384
190.181.64.0;190.181.127.255;16,384
200.5.64.0;200.5.127.255;16,384
200.5.192.0;200.5.255.255;16,384
200.73.128.0;200.73.191.255;16,384
200.89.128.0;200.89.191.255;16,384
200.112.128.0;200.112.191.255;16,384
200.115.192.0;200.115.255.255;16,384
200.125.64.0;200.125.127.255;16,384
46.233.68.0;46.233.68.15;16
64.116.225.16;64.116.225.31;16
64.116.230.176;64.116.230.191;16
64.116.232.128;64.116.232.143;16
64.116.232.224;64.116.232.239;16
64.116.233.32;64.116.233.47;16
66.165.169.192;66.165.169.207;16
66.165.173.0;66.165.173.15;16
69.24.250.0;69.24.250.15;16
69.174.45.80;69.174.45.95;16
72.46.255.160;72.46.255.175;16
162.251.216.0;162.251.216.15;16
176.67.81.112;176.67.81.127;16
179.43.116.128;179.43.116.143;16
185.139.167.128;185.139.167.143;16
185.139.167.208;185.139.167.223;16
185.139.174.176;185.139.174.191;16
185.141.91.80;185.141.91.95;16
185.142.80.16;185.142.80.31;16
185.142.80.48;185.142.80.63;16
185.142.80.96;185.142.80.111;16
185.142.82.32;185.142.82.47;16
185.142.231.0;185.142.231.15;16
185.150.114.208;185.150.114.223;16
185.151.16.144;185.151.16.159;16
185.157.89.16;185.157.89.31;16
200.0.197.8;200.0.197.23;16
200.41.90.112;200.41.90.127;16
200.55.3.56;200.55.3.71;16
200.81.117.0;200.81.117.15;16
200.108.120.80;200.108.120.95;16
200.108.125.144;200.108.125.159;16
200.108.125.192;200.108.125.207;16
200.108.127.176;200.108.127.191;16
200.108.127.240;200.108.127.255;16
206.73.49.48;206.73.49.63;16
206.182.131.176;206.182.131.191;16
207.209.88.144;207.209.88.159;16
200.16.194.0;200.16.255.255;15,872
181.111.198.136;181.111.255.255;14,712
170.51.200.0;170.51.255.255;14,336
186.5.176.0;186.5.231.255;14,336
200.68.72.96;200.68.127.255;14,24
190.111.251.224;190.112.47.255;13,344
195.22.220.170;195.22.220.182;13
181.209.15.224;181.209.64.3;12,324
186.148.112.0;186.148.159.255;12,288
190.7.224.0;190.8.15.255;12,288
201.219.64.0;201.219.111.255;12,288
201.220.144.0;201.220.191.255;12,288
190.3.112.160;190.3.159.255;12,128
190.13.210.184;190.14.1.255;12,104
91.108.188.48;91.108.188.59;12
200.81.112.164;200.81.112.175;12
200.81.114.240;200.81.114.251;12
200.81.118.132;200.81.118.143;12
201.216.209.168;201.216.255.255;11,864
200.80.51.0;200.80.95.255;11,52
190.6.240.0;190.7.28.207;11,472
190.123.80.0;190.123.123.255;11,264
200.105.7.0;200.105.49.255;11,008
200.105.53.0;200.105.95.255;11,008
195.22.220.150;195.22.220.160;11
190.57.192.0;190.57.233.159;10,656
200.80.7.216;200.80.47.255;10,28
181.114.192.0;181.114.231.255;10,24
186.1.208.0;186.1.247.255;10,24
190.151.136.0;190.151.175.255;10,24
200.47.176.0;200.47.215.255;10,24
200.63.0.0;200.63.39.255;10,24
200.85.88.0;200.85.127.255;10,24
181.209.88.104;181.209.127.255;10,136
190.106.152.128;190.106.191.255;10,112
186.64.36.43;186.64.36.52;10
186.0.217.0;186.0.255.255;9,984
181.15.107.208;181.15.146.63;9,84
170.51.76.0;170.51.111.255;9,216
190.14.156.0;190.14.191.255;9,216
190.184.220.0;190.184.255.255;9,216
200.47.220.0;200.47.255.255;9,216
195.22.220.198;195.22.220.206;9
195.22.220.208;195.22.220.216;9
195.22.220.220;195.22.220.228;9
203.180.146.6;203.180.146.14;9
203.180.146.200;203.180.146.208;9
210.128.97.70;210.128.97.78;9
210.128.97.198;210.128.97.206;9
190.7.28.224;190.7.63.255;8,992
216.244.221.0;216.244.255.255;8,96
200.10.96.0;200.10.129.255;8,704
200.32.127.152;200.32.159.255;8,296
23.55.64.0;23.55.95.255;8,192
57.74.128.0;57.74.159.255;8,192
104.65.160.0;104.65.191.255;8,192
161.22.0.0;161.22.31.255;8,192
179.0.224.0;179.0.255.255;8,192
179.60.0.0;179.60.31.255;8,192
179.61.64.0;179.61.95.255;8,192
181.41.224.0;181.41.255.255;8,192
181.114.128.0;181.114.159.255;8,192
181.174.128.0;181.174.159.255;8,192
181.189.192.0;181.189.223.255;8,192
181.199.144.0;181.199.175.255;8,192
181.224.96.0;181.224.127.255;8,192
181.225.0.0;181.225.31.255;8,192
181.225.192.0;181.225.223.255;8,192
186.189.224.0;186.189.255.255;8,192
190.0.96.0;190.0.127.255;8,192
190.0.160.0;190.0.191.255;8,192
190.1.96.0;190.1.127.255;8,192
190.2.96.0;190.2.127.255;8,192
190.5.0.0;190.5.31.255;8,192
190.5.160.0;190.5.191.255;8,192
190.9.0.0;190.9.31.255;8,192
190.11.32.0;190.11.63.255;8,192
190.61.96.0;190.61.127.255;8,192
190.93.192.0;190.93.223.255;8,192
190.94.160.0;190.94.191.255;8,192
190.107.96.0;190.107.127.255;8,192
190.108.32.0;190.108.63.255;8,192
190.108.224.0;190.108.255.255;8,192
190.109.32.0;190.109.63.255;8,192
190.110.224.0;190.110.255.255;8,192
190.115.32.0;190.115.63.255;8,192
190.120.96.0;190.120.127.255;8,192
190.122.128.0;190.122.159.255;8,192
190.122.224.0;190.122.255.255;8,192
190.123.240.0;190.124.15.255;8,192
190.124.128.0;190.124.159.255;8,192
190.211.192.0;190.211.223.255;8,192
198.12.32.0;198.12.63.255;8,192
200.0.224.0;200.0.255.255;8,192
200.1.32.0;200.1.63.255;8,192
200.1.224.0;200.1.255.255;8,192
200.50.160.0;200.50.191.255;8,192
200.59.224.0;200.59.255.255;8,192
200.63.64.0;200.63.95.255;8,192
200.69.128.0;200.69.159.255;8,192
201.219.160.0;201.219.191.255;8,192
181.14.204.176;181.14.236.143;8,16
45.235.123.184;45.235.123.191;8
64.116.224.40;64.116.224.47;8
64.116.225.144;64.116.225.151;8
64.116.225.216;64.116.225.223;8
64.116.232.152;64.116.232.159;8
64.116.233.200;64.116.233.207;8
66.198.35.32;66.198.35.39;8
67.29.138.192;67.29.138.199;8
72.14.241.0;72.14.241.7;8
74.81.189.192;74.81.189.199;8
85.93.193.40;85.93.193.47;8
91.108.188.246;91.108.188.253;8
107.190.139.232;107.190.139.239;8
109.70.133.97;109.70.133.104;8
129.134.33.210;129.134.33.217;8
146.82.230.64;146.82.230.71;8
157.240.51.236;157.240.51.243;8
162.251.216.32;162.251.216.39;8
168.195.128.232;168.195.128.239;8
168.195.130.8;168.195.130.15;8
168.197.242.8;168.197.242.15;8
179.1.1.200;179.1.1.207;8
179.43.117.144;179.43.117.151;8
181.174.192.0;181.174.192.7;8
186.250.153.72;186.250.153.79;8
186.250.153.88;186.250.153.95;8
186.250.153.244;186.250.153.251;8
190.90.19.232;190.90.19.239;8
195.112.164.128;195.112.164.135;8
195.112.174.152;195.112.174.159;8
195.112.188.228;195.112.188.235;8
200.41.113.48;200.41.113.55;8
200.49.15.80;200.49.15.87;8
200.81.117.188;200.81.117.195;8
200.81.117.200;200.81.117.207;8
200.81.118.44;200.81.118.51;8
200.81.118.64;200.81.118.71;8
200.81.118.80;200.81.118.87;8
200.81.118.96;200.81.118.103;8
200.81.119.8;200.81.119.15;8
200.81.119.24;200.81.119.31;8
200.81.119.104;200.81.119.111;8
200.81.119.200;200.81.119.207;8
200.81.119.216;200.81.119.223;8
200.108.120.40;200.108.120.47;8
201.234.130.8;201.234.130.15;8
206.73.112.240;206.73.112.247;8
208.87.0.72;208.87.0.79;8
208.87.0.152;208.87.0.159;8
210.138.123.70;210.138.123.77;8
210.138.123.102;210.138.123.109;8
212.63.178.188;212.63.178.195;8
212.63.190.200;212.63.190.207;8
213.133.76.64;213.133.76.71;8
216.239.33.0;216.239.33.7;8
200.41.120.0;200.41.150.255;7,936
200.81.81.128;200.81.111.255;7,808
190.111.32.0;190.111.61.255;7,68
181.10.210.248;181.10.240.47;7,48
216.244.192.0;216.244.220.247;7,416
200.49.211.160;200.49.239.255;7,264
170.51.16.0;170.51.43.255;7,168
186.0.160.0;186.0.187.255;7,168
186.96.224.0;186.96.251.255;7,168
190.92.128.0;190.92.155.255;7,168
190.103.0.0;190.103.27.255;7,168
190.211.64.0;190.211.91.255;7,168
190.12.100.8;190.12.127.255;7,16
181.209.79.25;181.209.79.31;7
185.70.203.58;185.70.203.64;7
181.10.183.184;181.10.210.31;6,76
200.80.128.0;200.80.154.47;6,704
190.111.227.112;190.111.251.215;6,248
179.51.224.0;179.51.247.255;6,144
181.114.32.0;181.114.55.255;6,144
181.177.192.0;181.177.215.255;6,144
186.0.192.0;186.0.215.255;6,144
186.148.64.0;186.148.87.255;6,144
186.148.232.0;186.148.255.255;6,144
190.6.96.0;190.6.119.255;6,144
190.122.192.0;190.122.215.255;6,144
190.124.192.0;190.124.215.255;6,144
191.97.24.0;191.97.47.255;6,144
200.81.120.0;200.81.143.255;6,144
200.107.88.0;200.107.111.255;6,144
200.110.176.0;200.110.199.255;6,144
200.110.208.0;200.110.231.255;6,144
200.124.96.0;200.124.119.255;6,144
201.234.88.0;201.234.111.255;6,144
129.134.36.8;129.134.36.13;6
185.70.203.6;185.70.203.11;6
186.64.36.27;186.64.36.32;6
186.64.36.35;186.64.36.40;6
216.98.99.102;216.98.99.107;6
200.108.73.0;200.108.95.255;5,888
200.110.128.0;200.110.150.255;5,888
181.10.161.56;181.10.183.175;5,752
64.76.6.3;64.76.28.76;5,706
200.55.16.192;200.55.37.255;5,44
190.105.208.0;190.105.228.191;5,312
201.234.27.208;201.234.47.255;5,168
179.60.248.0;179.61.11.255;5,12
190.124.224.0;190.124.243.255;5,12
200.7.128.0;200.7.147.255;5,12
69.63.159.109;69.63.159.113;5
130.244.39.177;130.244.39.181;5
195.22.220.128;195.22.220.132;5
195.22.220.144;195.22.220.148;5
195.22.220.162;195.22.220.166;5
195.22.220.184;195.22.220.188;5
200.55.2.128;200.55.2.132;5
200.49.192.0;200.49.211.127;4,992
201.251.210.176;201.251.229.255;4,944
23.52.201.0;23.52.219.255;4,864
190.216.19.112;190.216.38.84;4,837
190.221.237.128;190.221.255.255;4,736
64.76.29.152;64.76.47.255;4,712
190.14.18.0;190.14.35.255;4,608
200.32.46.0;200.32.63.255;4,608
201.234.158.80;201.234.175.255;4,528
201.216.192.0;201.216.209.159;4,512
190.216.48.208;190.216.65.207;4,352
200.81.64.0;200.81.80.255;4,352
190.57.239.200;190.57.255.255;4,152
190.216.0.0;190.216.16.23;4,12
23.2.96.0;23.2.111.255;4,096
23.74.32.0;23.74.47.255;4,096
23.196.16.0;23.196.31.255;4,096
23.197.225.0;23.197.240.255;4,096
45.7.240.0;45.7.255.255;4,096
66.128.32.0;66.128.47.255;4,096
138.117.8.0;138.117.23.255;4,096
138.121.76.0;138.121.91.255;4,096
152.231.48.0;152.231.63.255;4,096
179.0.130.0;179.0.145.255;4,096
179.42.176.0;179.42.191.255;4,096
179.43.64.0;179.43.79.255;4,096
179.49.96.0;179.49.111.255;4,096
179.51.80.0;179.51.95.255;4,096
179.60.96.0;179.60.111.255;4,096
179.61.16.0;179.61.31.255;4,096
179.63.200.0;179.63.215.255;4,096
181.189.160.0;181.189.175.255;4,096
181.224.176.0;181.224.191.255;4,096
186.0.128.0;186.0.143.255;4,096
186.5.240.0;186.5.255.255;4,096
190.4.112.0;190.4.127.255;4,096
190.6.208.0;190.6.223.255;4,096
190.8.48.0;190.8.63.255;4,096
190.15.80.0;190.15.95.255;4,096
190.52.32.0;190.52.47.255;4,096
190.52.80.0;190.52.95.255;4,096
190.52.208.0;190.52.223.255;4,096
190.92.96.0;190.92.111.255;4,096
190.93.48.0;190.93.63.255;4,096
190.96.112.0;190.96.127.255;4,096
190.103.80.0;190.103.95.255;4,096
190.103.128.0;190.103.143.255;4,096
190.105.176.0;190.105.191.255;4,096
190.106.32.0;190.106.47.255;4,096
190.106.96.0;190.106.111.255;4,096
190.106.136.0;190.106.151.255;4,096
190.110.176.0;190.110.191.255;4,096
190.112.176.0;190.112.191.255;4,096
190.113.224.0;190.113.239.255;4,096
190.115.112.0;190.115.127.255;4,096
190.120.48.0;190.120.63.255;4,096
190.120.144.0;190.120.159.255;4,096
190.120.176.0;190.120.191.255;4,096
190.123.144.0;190.123.159.255;4,096
190.196.224.0;190.196.239.255;4,096
191.102.16.0;191.102.31.255;4,096
191.103.96.0;191.103.111.255;4,096
200.16.16.0;200.16.31.255;4,096
200.16.96.0;200.16.111.255;4,096
200.24.240.0;200.24.255.255;4,096
200.59.0.0;200.59.15.255;4,096
200.59.192.0;200.59.207.255;4,096
200.71.224.0;200.71.239.255;4,096
200.85.176.0;200.85.191.255;4,096
200.91.48.0;200.91.63.255;4,096
200.108.144.0;200.108.159.255;4,096
200.114.96.0;200.114.111.255;4,096
200.115.48.0;200.115.63.255;4,096
200.115.80.0;200.115.95.255;4,096
200.123.240.0;200.123.255.255;4,096
201.182.128.0;201.182.143.255;4,096
201.217.224.0;201.217.239.255;4,096
201.221.96.0;201.221.111.255;4,096
206.221.80.0;206.221.95.255;4,096
209.99.224.0;209.99.239.255;4,096
181.174.192.16;181.174.207.255;4,08
5.145.169.100;5.145.169.103;4
31.13.28.40;31.13.28.43;4
45.235.123.56;45.235.123.59;4
64.47.84.104;64.47.84.107;4
67.16.168.147;67.16.168.150;4
67.17.76.113;67.17.76.116;4
77.81.118.52;77.81.118.55;4
129.134.33.134;129.134.33.137;4
129.134.33.162;129.134.33.165;4
129.134.36.224;129.134.36.227;4
129.134.63.123;129.134.63.126;4
143.255.143.176;143.255.143.179;4
146.82.230.36;146.82.230.39;4
146.82.230.80;146.82.230.83;4
157.240.47.180;157.240.47.183;4
157.240.64.48;157.240.64.51;4
157.240.66.42;157.240.66.45;4
157.240.67.0;157.240.67.3;4
160.13.17.176;160.13.17.179;4
162.251.216.248;162.251.216.251;4
176.67.86.8;176.67.86.11;4
186.250.152.20;186.250.152.23;4
186.250.152.44;186.250.152.47;4
186.250.153.32;186.250.153.35;4
186.250.153.48;186.250.153.51;4
186.250.153.148;186.250.153.151;4
186.250.153.164;186.250.153.167;4
190.111.214.48;190.111.214.51;4
190.216.88.12;190.216.88.15;4
194.117.108.44;194.117.108.47;4
194.117.112.64;194.117.112.67;4
194.117.116.136;194.117.116.139;4
195.112.164.12;195.112.164.15;4
195.112.164.156;195.112.164.159;4
195.112.164.180;195.112.164.183;4
195.112.172.100;195.112.172.103;4
195.112.172.160;195.112.172.163;4
195.112.173.0;195.112.173.3;4
195.112.186.52;195.112.186.55;4
195.112.187.104;195.112.187.107;4
195.112.187.148;195.112.187.151;4
195.112.187.180;195.112.187.183;4
195.112.187.244;195.112.187.247;4
195.112.188.44;195.112.188.47;4
195.112.188.116;195.112.188.119;4
195.112.188.152;195.112.188.155;4
195.112.189.0;195.112.189.3;4
195.112.189.44;195.112.189.47;4
195.112.189.124;195.112.189.127;4
195.112.189.164;195.112.189.167;4
195.112.189.188;195.112.189.191;4
200.7.191.4;200.7.191.7;4
200.7.191.12;200.7.191.15;4
200.31.0.200;200.31.0.203;4
200.41.40.76;200.41.40.79;4
200.41.40.84;200.41.40.87;4
200.81.112.128;200.81.112.131;4
200.81.112.144;200.81.112.147;4
200.81.114.148;200.81.114.151;4
200.81.114.200;200.81.114.203;4
200.81.114.220;200.81.114.223;4
200.81.116.0;200.81.116.3;4
200.81.116.64;200.81.116.67;4
200.81.116.76;200.81.116.79;4
200.81.116.100;200.81.116.103;4
200.81.116.112;200.81.116.115;4
200.81.116.132;200.81.116.135;4
200.81.116.140;200.81.116.143;4
200.81.116.180;200.81.116.183;4
200.81.116.228;200.81.116.231;4
200.81.116.236;200.81.116.239;4
200.81.117.28;200.81.117.31;4
200.81.117.160;200.81.117.163;4
200.81.117.172;200.81.117.175;4
200.81.117.212;200.81.117.215;4
200.81.117.220;200.81.117.223;4
200.81.117.228;200.81.117.231;4
200.81.118.112;200.81.118.115;4
200.81.118.212;200.81.118.215;4
200.81.118.224;200.81.118.227;4
200.108.69.72;200.108.69.75;4
200.108.69.80;200.108.69.83;4
200.108.69.88;200.108.69.91;4
200.108.69.104;200.108.69.107;4
201.234.144.216;201.234.144.219;4
208.87.1.204;208.87.1.207;4
209.130.131.201;209.130.131.204;4
212.63.178.36;212.63.178.39;4
212.63.178.236;212.63.178.239;4
212.63.178.248;212.63.178.251;4
212.63.179.92;212.63.179.95;4
212.63.184.64;212.63.184.67;4
212.63.184.84;212.63.184.87;4
212.63.184.100;212.63.184.103;4
212.63.184.128;212.63.184.131;4
212.63.184.152;212.63.184.155;4
212.63.187.68;212.63.187.71;4
212.63.187.156;212.63.187.159;4
212.63.187.172;212.63.187.175;4
212.63.187.212;212.63.187.215;4
212.63.189.20;212.63.189.23;4
212.63.189.72;212.63.189.75;4
212.63.189.124;212.63.189.127;4
212.63.190.76;212.63.190.79;4
212.63.190.212;212.63.190.215;4
186.64.16.184;186.64.31.255;3,912
181.209.0.0;181.209.14.255;3,84
190.106.120.0;190.106.134.255;3,84
190.121.177.0;190.121.191.255;3,84
200.58.97.200;200.58.112.127;3,768
201.234.13.80;201.234.27.191;3,696
200.41.25.248;200.41.40.71;3,664
201.234.130.24;201.234.144.53;3,614
190.216.74.0;190.216.88.7;3,592
200.58.114.45;200.58.127.255;3,539
200.3.115.0;200.3.127.255;3,328
201.234.145.232;201.234.158.75;3,172
200.32.99.248;200.32.112.79;3,16
45.177.64.0;45.177.75.255;3,072
45.225.212.0;45.225.223.255;3,072
45.238.8.0;45.238.19.255;3,072
138.118.208.0;138.118.219.255;3,072
138.204.152.0;138.204.163.255;3,072
138.204.244.0;138.204.255.255;3,072
143.202.16.0;143.202.27.255;3,072
168.232.96.0;168.232.107.255;3,072
179.42.160.0;179.42.171.255;3,072
179.60.228.0;179.60.239.255;3,072
181.174.172.0;181.174.183.255;3,072
190.107.212.0;190.107.223.255;3,072
190.217.84.0;190.217.95.255;3,072
191.97.68.0;191.97.79.255;3,072
191.97.108.0;191.97.119.255;3,072
200.61.240.0;200.61.251.255;3,072
200.124.176.0;200.124.187.255;3,072
67.16.132.58;67.16.132.60;3
67.16.151.154;67.16.151.156;3
67.16.191.170;67.16.191.172;3
67.17.83.88;67.17.83.90;3
67.17.83.219;67.17.83.221;3
129.134.62.121;129.134.62.123;3
129.134.62.155;129.134.62.157;3
195.22.220.134;195.22.220.136;3
195.22.220.194;195.22.220.196;3
195.22.220.232;195.22.220.234;3
195.112.185.143;195.112.185.145;3
200.55.1.130;200.55.1.132;3
212.151.155.29;212.151.155.31;3
212.151.180.24;212.151.180.26;3
190.111.202.232;190.111.214.43;2,884
190.211.149.0;190.211.159.255;2,816
200.43.0.0;200.43.10.255;2,816
190.104.192.0;190.104.202.215;2,776
190.216.38.87;190.216.48.191;2,665
23.78.16.0;23.78.25.255;2,56
181.94.198.0;181.94.207.255;2,56
200.32.88.160;200.32.98.119;2,52
190.111.217.200;190.111.227.103;2,464
190.98.144.128;190.98.153.255;2,432
181.10.240.56;181.10.249.103;2,352
201.251.201.128;201.251.210.159;2,336
23.197.214.0;23.197.222.255;2,304
190.105.230.0;190.105.238.255;2,304
200.0.188.0;200.0.196.255;2,304
200.110.159.0;200.110.167.255;2,304
201.220.16.0;201.220.24.255;2,304
181.209.79.112;181.209.88.95;2,288
200.41.40.92;200.41.48.255;2,212
190.104.222.176;190.104.231.63;2,192
179.43.119.160;179.43.127.255;2,144
201.251.90.144;201.251.98.239;2,144
200.68.64.0;200.68.72.63;2,112
200.108.112.0;200.108.120.31;2,08
190.104.204.168;190.104.212.183;2,064
2.18.56.0;2.18.63.255;2,048
45.4.160.0;45.4.167.255;2,048
45.4.252.0;45.5.3.255;2,048
45.5.148.0;45.5.155.255;2,048
45.6.4.0;45.6.11.255;2,048
45.7.84.0;45.7.91.255;2,048
45.160.196.0;45.160.203.255;2,048
45.161.168.0;45.161.175.255;2,048
45.172.24.0;45.172.31.255;2,048
45.173.208.0;45.173.215.255;2,048
45.174.20.0;45.174.27.255;2,048
45.174.48.0;45.174.55.255;2,048
45.175.148.0;45.175.155.255;2,048
45.177.88.0;45.177.95.255;2,048
45.226.224.0;45.226.231.255;2,048
45.227.8.0;45.227.15.255;2,048
45.227.32.0;45.227.39.255;2,048
45.227.160.0;45.227.167.255;2,048
45.228.72.0;45.228.79.255;2,048
45.230.8.0;45.230.15.255;2,048
45.232.12.0;45.232.19.255;2,048
45.234.116.0;45.234.123.255;2,048
45.239.32.0;45.239.39.255;2,048
45.239.124.0;45.239.131.255;2,048
64.76.120.0;64.76.127.255;2,048
131.161.232.0;131.161.239.255;2,048
132.255.4.0;132.255.11.255;2,048
138.0.152.0;138.0.159.255;2,048
138.59.168.0;138.59.175.255;2,048
138.121.100.0;138.121.107.255;2,048
138.186.148.0;138.186.155.255;2,048
138.186.212.0;138.186.219.255;2,048
138.204.0.0;138.204.7.255;2,048
138.219.0.0;138.219.7.255;2,048
138.219.212.0;138.219.219.255;2,048
143.0.76.0;143.0.83.255;2,048
152.231.16.0;152.231.23.255;2,048
161.0.72.0;161.0.79.255;2,048
161.0.176.0;161.0.183.255;2,048
167.249.192.0;167.249.199.255;2,048
168.0.200.0;168.0.207.255;2,048
168.121.32.0;168.121.39.255;2,048
168.121.208.0;168.121.215.255;2,048
168.181.204.0;168.181.211.255;2,048
168.197.44.0;168.197.51.255;2,048
168.197.196.0;168.197.203.255;2,048
168.205.116.0;168.205.123.255;2,048
168.228.140.0;168.228.147.255;2,048
170.80.168.0;170.80.175.255;2,048
170.84.124.0;170.84.131.255;2,048
170.150.60.0;170.150.67.255;2,048
170.238.240.0;170.238.247.255;2,048
170.239.28.0;170.239.35.255;2,048
170.239.168.0;170.239.175.255;2,048
170.244.184.0;170.244.191.255;2,048
170.246.36.0;170.246.43.255;2,048
170.246.176.0;170.246.183.255;2,048
179.49.72.0;179.49.79.255;2,048
179.49.120.0;179.49.127.255;2,048
179.60.152.0;179.60.159.255;2,048
179.60.168.0;179.60.175.255;2,048
179.60.184.0;179.60.191.255;2,048
179.60.196.0;179.60.203.255;2,048
179.60.216.0;179.60.223.255;2,048
179.63.236.0;179.63.243.255;2,048
181.191.24.0;181.191.31.255;2,048
181.224.208.0;181.224.215.255;2,048
186.65.64.0;186.65.71.255;2,048
186.65.80.0;186.65.87.255;2,048
186.65.96.0;186.65.103.255;2,048
186.148.200.0;186.148.207.255;2,048
186.159.120.0;186.159.127.255;2,048
190.0.232.0;190.0.239.255;2,048
190.2.80.0;190.2.87.255;2,048
190.5.216.0;190.5.223.255;2,048
190.8.184.0;190.8.191.255;2,048
190.13.88.0;190.13.95.255;2,048
190.14.40.0;190.14.47.255;2,048
190.14.144.0;190.14.151.255;2,048
190.52.56.0;190.52.63.255;2,048
190.97.120.0;190.97.127.255;2,048
190.99.64.0;190.99.71.255;2,048
190.105.144.0;190.105.151.255;2,048
190.105.160.0;190.105.167.255;2,048
190.106.80.0;190.106.87.255;2,048
190.107.184.0;190.107.191.255;2,048
190.107.240.0;190.107.247.255;2,048
190.110.112.0;190.110.119.255;2,048
190.111.112.0;190.111.119.255;2,048
190.114.232.0;190.114.239.255;2,048
190.124.56.0;190.124.63.255;2,048
190.124.168.0;190.124.175.255;2,048
190.180.152.0;190.180.159.255;2,048
190.184.208.0;190.184.215.255;2,048
190.185.100.0;190.185.107.255;2,048
190.196.248.0;190.196.255.255;2,048
190.211.128.0;190.211.135.255;2,048
190.217.72.0;190.217.79.255;2,048
191.98.216.0;191.98.223.255;2,048
191.102.40.0;191.102.47.255;2,048
192.141.176.0;192.141.183.255;2,048
192.198.8.0;192.198.15.255;2,048
198.50.16.0;198.50.23.255;2,048
200.0.208.0;200.0.215.255;2,048
200.2.120.0;200.2.127.255;2,048
200.3.168.0;200.3.175.255;2,048
200.3.184.0;200.3.191.255;2,048
200.3.216.0;200.3.223.255;2,048
200.7.152.0;200.7.159.255;2,048
200.7.176.0;200.7.183.255;2,048
200.12.200.0;200.12.207.255;2,048
200.16.80.0;200.16.87.255;2,048
200.26.184.0;200.26.191.255;2,048
200.29.248.0;200.29.255.255;2,048
200.55.240.0;200.55.247.255;2,048
200.63.48.0;200.63.55.255;2,048
200.71.88.0;200.71.95.255;2,048
200.91.32.0;200.91.39.255;2,048
200.105.104.0;200.105.111.255;2,048
200.105.120.0;200.105.127.255;2,048
200.106.248.0;200.106.255.255;2,048
200.107.200.0;200.107.207.255;2,048
200.107.224.0;200.107.231.255;2,048
200.114.80.0;200.114.87.255;2,048
200.115.24.0;200.115.31.255;2,048
200.123.216.0;200.123.223.255;2,048
201.158.120.0;201.158.127.255;2,048
201.159.8.0;201.159.15.255;2,048
201.159.56.0;201.159.63.255;2,048
201.182.108.0;201.182.115.255;2,048
206.49.184.0;206.49.191.255;2,048
216.72.144.0;216.72.151.255;2,048
190.104.236.144;190.104.244.119;2,024
181.209.69.152;181.209.77.115;2,012
4.69.242.69;4.69.242.70;2
31.13.28.22;31.13.28.23;2
31.13.30.20;31.13.30.21;2
63.223.135.17;63.223.135.18;2
63.223.135.21;63.223.135.22;2
63.223.135.25;63.223.135.26;2
63.223.135.29;63.223.135.30;2
63.223.135.65;63.223.135.66;2
63.223.135.69;63.223.135.70;2
63.223.135.73;63.223.135.74;2
64.208.26.177;64.208.26.178;2
64.208.170.129;64.208.170.130;2
64.208.176.149;64.208.176.150;2
64.210.12.213;64.210.12.214;2
64.210.21.33;64.210.21.34;2
64.210.29.237;64.210.29.238;2
64.210.30.29;64.210.30.30;2
64.210.30.81;64.210.30.82;2
64.211.1.109;64.211.1.110;2
64.211.23.41;64.211.23.42;2
64.211.23.241;64.211.23.242;2
64.211.60.61;64.211.60.62;2
64.211.64.245;64.211.64.246;2
64.211.83.81;64.211.83.82;2
64.211.83.217;64.211.83.218;2
64.211.110.189;64.211.110.190;2
64.211.111.101;64.211.111.102;2
64.211.206.93;64.211.206.94;2
64.212.32.185;64.212.32.186;2
64.212.70.161;64.212.70.162;2
64.212.70.177;64.212.70.178;2
64.212.108.89;64.212.108.90;2
64.212.109.101;64.212.109.102;2
64.212.109.225;64.212.109.226;2
64.212.225.25;64.212.225.26;2
64.213.22.9;64.213.22.10;2
64.213.22.21;64.213.22.22;2
64.213.22.49;64.213.22.50;2
64.213.23.41;64.213.23.42;2
64.213.76.197;64.213.76.198;2
64.213.163.29;64.213.163.30;2
64.214.62.109;64.214.62.110;2
64.214.62.225;64.214.62.226;2
64.214.121.209;64.214.121.210;2
64.214.130.253;64.214.130.254;2
64.214.141.97;64.214.141.98;2
64.214.144.229;64.214.144.230;2
64.214.146.249;64.214.146.250;2
64.214.149.97;64.214.149.98;2
64.214.174.229;64.214.174.230;2
64.214.175.117;64.214.175.118;2
64.215.24.153;64.215.24.154;2
64.215.27.249;64.215.27.250;2
64.215.81.57;64.215.81.58;2
64.215.100.73;64.215.100.74;2
64.215.100.85;64.215.100.86;2
64.215.115.141;64.215.115.142;2
64.215.184.61;64.215.184.62;2
67.16.128.9;67.16.128.10;2
67.16.131.197;67.16.131.198;2
67.16.134.113;67.16.134.114;2
67.16.134.197;67.16.134.198;2
67.16.138.121;67.16.138.122;2
67.16.140.69;67.16.140.70;2
67.16.140.97;67.16.140.98;2
67.16.142.89;67.16.142.90;2
67.16.142.221;67.16.142.222;2
67.16.143.57;67.16.143.58;2
67.16.145.221;67.16.145.222;2
67.16.145.225;67.16.145.226;2
67.16.146.133;67.16.146.134;2
67.16.146.137;67.16.146.138;2
67.16.146.141;67.16.146.142;2
67.16.146.173;67.16.146.174;2
67.16.146.185;67.16.146.186;2
67.16.147.117;67.16.147.118;2
67.16.149.201;67.16.149.202;2
67.16.155.25;67.16.155.26;2
67.16.155.29;67.16.155.30;2
67.16.156.97;67.16.156.98;2
67.16.156.101;67.16.156.102;2
67.16.156.105;67.16.156.106;2
67.16.156.109;67.16.156.110;2
67.16.157.49;67.16.157.50;2
67.16.157.65;67.16.157.66;2
67.16.162.65;67.16.162.66;2
67.16.162.73;67.16.162.74;2
67.16.162.81;67.16.162.82;2
67.16.162.89;67.16.162.90;2
67.16.162.93;67.16.162.94;2
67.16.162.97;67.16.162.98;2
67.16.163.129;67.16.163.130;2
67.16.164.53;67.16.164.54;2
67.16.164.165;67.16.164.166;2
67.16.164.173;67.16.164.174;2
67.16.165.65;67.16.165.66;2
67.16.165.145;67.16.165.146;2
67.16.172.81;67.16.172.82;2
67.16.172.110;67.16.172.111;2
67.16.176.5;67.16.176.6;2
67.16.178.125;67.16.178.126;2
67.16.178.129;67.16.178.130;2
67.16.180.5;67.16.180.6;2
67.16.180.9;67.16.180.10;2
67.16.180.21;67.16.180.22;2
67.16.182.101;67.16.182.102;2
67.16.182.105;67.16.182.106;2
67.16.190.105;67.16.190.106;2
67.17.67.65;67.17.67.66;2
67.17.67.141;67.17.67.142;2
67.17.70.117;67.17.70.118;2
67.17.78.29;67.17.78.30;2
67.17.80.157;67.17.80.158;2
67.17.92.13;67.17.92.14;2
67.17.92.41;67.17.92.42;2
67.17.92.161;67.17.92.162;2
67.17.93.65;67.17.93.66;2
67.17.93.149;67.17.93.150;2
67.17.93.237;67.17.93.238;2
67.17.93.241;67.17.93.242;2
67.17.94.9;67.17.94.10;2
67.17.94.237;67.17.94.238;2
67.17.95.77;67.17.95.78;2
67.17.96.137;67.17.96.138;2
67.17.96.141;67.17.96.142;2
67.17.101.97;67.17.101.98;2
67.17.101.105;67.17.101.106;2
67.17.101.109;67.17.101.110;2
67.17.103.165;67.17.103.166;2
67.17.106.141;67.17.106.142;2
67.17.106.149;67.17.106.150;2
67.17.107.85;67.17.107.86;2
67.17.108.1;67.17.108.2;2
67.17.109.41;67.17.109.42;2
67.17.109.105;67.17.109.106;2
67.17.156.29;67.17.156.30;2
67.17.156.165;67.17.156.166;2
67.17.160.41;67.17.160.42;2
67.17.161.13;67.17.161.14;2
67.17.161.201;67.17.161.202;2
67.17.197.93;67.17.197.94;2
67.17.199.97;67.17.199.98;2
67.17.199.185;67.17.199.186;2
67.17.212.17;67.17.212.18;2
67.17.213.89;67.17.213.90;2
67.17.213.213;67.17.213.214;2
74.119.76.48;74.119.76.49;2
74.119.76.58;74.119.76.59;2
74.119.76.78;74.119.76.79;2
74.119.76.82;74.119.76.83;2
74.119.77.208;74.119.77.209;2
74.119.79.90;74.119.79.91;2
84.116.239.21;84.116.239.22;2
89.101.212.21;89.101.212.22;2
103.4.97.58;103.4.97.59;2
103.4.99.0;103.4.99.1;2
103.4.99.16;103.4.99.17;2
103.4.99.60;103.4.99.61;2
129.134.40.144;129.134.40.145;2
129.134.62.52;129.134.62.53;2
129.134.62.81;129.134.62.82;2
129.134.62.254;129.134.62.255;2
129.134.63.4;129.134.63.5;2
130.244.68.202;130.244.68.203;2
157.240.47.4;157.240.47.5;2
157.240.57.182;157.240.57.183;2
157.240.65.224;157.240.65.225;2
157.240.65.244;157.240.65.245;2
157.240.66.22;157.240.66.23;2
157.240.68.154;157.240.68.155;2
157.240.69.4;157.240.69.5;2
159.63.23.5;159.63.23.6;2
159.63.23.9;159.63.23.10;2
159.63.23.29;159.63.23.30;2
159.63.23.165;159.63.23.166;2
159.63.23.169;159.63.23.170;2
159.63.23.209;159.63.23.210;2
159.63.53.213;159.63.53.214;2
159.63.54.177;159.63.54.178;2
160.13.17.181;160.13.17.182;2
162.97.118.157;162.97.118.158;2
162.97.149.141;162.97.149.142;2
185.70.203.13;185.70.203.14;2
185.70.203.22;185.70.203.23;2
185.70.203.70;185.70.203.71;2
185.70.203.112;185.70.203.113;2
186.64.36.55;186.64.36.56;2
186.64.36.59;186.64.36.60;2
186.64.36.63;186.64.36.64;2
186.64.36.67;186.64.36.68;2
186.64.36.71;186.64.36.72;2
195.112.185.152;195.112.185.153;2
200.55.2.134;200.55.2.135;2
200.80.0.0;200.80.7.207;2
204.15.21.48;204.15.21.49;2
204.15.21.66;204.15.21.67;2
204.15.21.92;204.15.21.93;2
204.15.21.140;204.15.21.141;2
204.245.12.45;204.245.12.46;2
204.245.13.17;204.245.13.18;2
204.245.37.85;204.245.37.86;2
204.245.37.161;204.245.37.162;2
204.245.37.169;204.245.37.170;2
204.245.39.249;204.245.39.250;2
204.246.200.229;204.246.200.230;2
204.246.205.85;204.246.205.86;2
206.57.3.117;206.57.3.118;2
206.165.31.213;206.165.31.214;2
207.136.166.241;207.136.166.242;2
207.138.94.41;207.138.94.42;2
207.138.122.33;207.138.122.34;2
207.138.122.37;207.138.122.38;2
207.138.122.89;207.138.122.90;2
207.138.235.73;207.138.235.74;2
207.218.0.177;207.218.0.178;2
207.218.0.181;207.218.0.182;2
207.218.80.189;207.218.80.190;2
208.48.23.233;208.48.23.234;2
208.48.238.149;208.48.238.150;2
208.48.250.81;208.48.250.82;2
208.49.33.37;208.49.33.38;2
208.50.21.53;208.50.21.54;2
208.50.25.65;208.50.25.66;2
208.50.25.97;208.50.25.98;2
208.50.237.45;208.50.237.46;2
208.50.254.149;208.50.254.150;2
208.51.42.185;208.51.42.186;2
208.51.117.233;208.51.117.234;2
208.51.239.77;208.51.239.78;2
208.51.239.213;208.51.239.214;2
208.178.8.157;208.178.8.158;2
208.178.63.201;208.178.63.202;2
208.178.184.217;208.178.184.218;2
208.178.194.201;208.178.194.202;2
208.178.195.205;208.178.195.206;2
208.178.195.209;208.178.195.210;2
208.178.195.213;208.178.195.214;2
208.178.244.25;208.178.244.26;2
208.178.244.97;208.178.244.98;2
208.178.244.125;208.178.244.126;2
208.178.244.213;208.178.244.214;2
209.130.131.181;209.130.131.182;2
209.130.173.53;209.130.173.54;2
212.151.252.176;212.151.252.177;2
213.140.50.1;213.140.50.2;2
213.140.51.65;213.140.51.66;2
201.234.5.128;201.234.13.63;1,984
190.210.0.0;190.210.7.167;1,96
200.11.112.96;200.11.119.255;1,952
190.216.65.212;190.216.72.255;1,836
190.105.200.0;190.105.206.255;1,792
200.13.41.0;200.13.47.255;1,792
200.16.72.0;200.16.78.255;1,792
201.251.194.0;201.251.200.255;1,792
200.7.184.8;200.7.190.255;1,784
200.55.38.8;200.55.44.255;1,784
168.195.52.0;168.195.58.191;1,728
190.98.171.0;190.98.177.127;1,664
190.104.212.192;190.104.219.43;1,644
200.49.0.0;200.49.6.63;1,6
190.57.233.168;190.57.239.191;1,56
64.76.0.0;64.76.6.1;1,538
200.32.119.79;200.32.125.79;1,537
45.167.18.0;45.167.23.255;1,536
45.231.214.0;45.231.219.255;1,536
200.0.181.0;200.0.186.255;1,536
200.12.133.0;200.12.138.255;1,536
200.41.14.0;200.41.19.255;1,536
200.105.0.0;200.105.5.255;1,536
190.111.197.8;190.111.202.223;1,496
181.14.236.152;181.14.242.103;1,488
201.251.103.48;201.251.108.255;1,488
200.85.153.72;200.85.158.255;1,464
200.49.9.180;200.49.15.71;1,428
190.104.231.72;190.104.236.135;1,344
200.32.114.56;200.32.119.76;1,301
200.55.49.128;200.55.54.143;1,296
190.111.192.0;190.111.197.5;1,286
23.192.137.0;23.192.141.255;1,28
23.197.208.0;23.197.212.255;1,28
138.0.8.0;138.0.12.255;1,28
190.217.120.0;190.217.124.255;1,28
200.9.242.0;200.9.246.255;1,28
200.55.3.80;200.55.8.51;1,252
200.12.216.0;200.12.220.202;1,227
200.41.71.128;200.41.75.255;1,152
200.108.64.0;200.108.68.67;1,092
200.55.9.216;200.55.13.255;1,064
200.61.83.192;200.61.87.231;1,064
190.12.96.0;190.12.100.3;1,028
5.182.124.0;5.182.127.255;1,024
23.4.88.0;23.4.91.255;1,024
23.219.40.0;23.219.43.255;1,024
34.100.0.0;34.100.3.255;1,024
45.4.92.0;45.4.95.255;1,024
45.4.100.0;45.4.103.255;1,024
45.4.216.0;45.4.219.255;1,024
45.5.20.0;45.5.23.255;1,024
45.6.104.0;45.6.107.255;1,024
45.6.132.0;45.6.135.255;1,024
45.7.96.0;45.7.99.255;1,024
45.7.124.0;45.7.127.255;1,024
45.7.208.0;45.7.211.255;1,024
45.65.148.0;45.65.151.255;1,024
45.65.224.0;45.65.227.255;1,024
45.70.8.0;45.70.11.255;1,024
45.70.88.0;45.70.91.255;1,024
45.70.116.0;45.70.119.255;1,024
45.70.152.0;45.70.155.255;1,024
45.70.184.0;45.70.187.255;1,024
45.70.220.0;45.70.223.255;1,024
45.71.56.0;45.71.59.255;1,024
45.71.152.0;45.71.155.255;1,024
45.71.196.0;45.71.199.255;1,024
45.71.204.0;45.71.207.255;1,024
45.160.28.0;45.160.31.255;1,024
45.160.156.0;45.160.159.255;1,024
45.161.8.0;45.161.11.255;1,024
45.161.116.0;45.161.119.255;1,024
45.161.132.0;45.161.135.255;1,024
45.161.180.0;45.161.183.255;1,024
45.162.60.0;45.162.63.255;1,024
45.162.88.0;45.162.91.255;1,024
45.162.100.0;45.162.103.255;1,024
45.162.140.0;45.162.143.255;1,024
45.162.168.0;45.162.171.255;1,024
45.163.20.0;45.163.23.255;1,024
45.163.36.0;45.163.39.255;1,024
45.163.80.0;45.163.83.255;1,024
45.163.128.0;45.163.131.255;1,024
45.163.140.0;45.163.143.255;1,024
45.163.248.0;45.163.251.255;1,024
45.164.16.0;45.164.19.255;1,024
45.164.228.0;45.164.231.255;1,024
45.165.36.0;45.165.39.255;1,024
45.165.44.0;45.165.47.255;1,024
45.165.112.0;45.165.115.255;1,024
45.166.80.0;45.166.83.255;1,024
45.166.176.0;45.166.179.255;1,024
45.166.252.0;45.166.255.255;1,024
45.167.88.0;45.167.91.255;1,024
45.167.168.0;45.167.171.255;1,024
45.167.212.0;45.167.215.255;1,024
45.167.220.0;45.167.223.255;1,024
45.168.192.0;45.168.195.255;1,024
45.168.212.0;45.168.215.255;1,024
45.169.104.0;45.169.107.255;1,024
45.169.168.0;45.169.171.255;1,024
45.170.8.0;45.170.11.255;1,024
45.170.40.0;45.170.43.255;1,024
45.170.184.0;45.170.187.255;1,024
45.170.212.0;45.170.215.255;1,024
45.171.36.0;45.171.39.255;1,024
45.171.112.0;45.171.115.255;1,024
45.171.132.0;45.171.135.255;1,024
45.171.224.0;45.171.227.255;1,024
45.172.16.0;45.172.19.255;1,024
45.172.108.0;45.172.111.255;1,024
45.172.140.0;45.172.143.255;1,024
45.172.188.0;45.172.191.255;1,024
45.172.224.0;45.172.227.255;1,024
45.172.248.0;45.172.251.255;1,024
45.173.0.0;45.173.3.255;1,024
45.173.16.0;45.173.19.255;1,024
45.173.40.0;45.173.43.255;1,024
45.173.52.0;45.173.55.255;1,024
45.173.60.0;45.173.63.255;1,024
45.173.168.0;45.173.171.255;1,024
45.173.192.0;45.173.195.255;1,024
45.173.244.0;45.173.247.255;1,024
45.174.60.0;45.174.63.255;1,024
45.174.148.0;45.174.151.255;1,024
45.175.40.0;45.175.43.255;1,024
45.175.100.0;45.175.103.255;1,024
45.175.140.0;45.175.143.255;1,024
45.175.160.0;45.175.163.255;1,024
45.176.8.0;45.176.11.255;1,024
45.176.20.0;45.176.23.255;1,024
45.176.32.0;45.176.35.255;1,024
45.176.88.0;45.176.91.255;1,024
45.176.108.0;45.176.111.255;1,024
45.176.128.0;45.176.131.255;1,024
45.177.40.0;45.177.43.255;1,024
45.177.80.0;45.177.83.255;1,024
45.177.128.0;45.177.131.255;1,024
45.177.144.0;45.177.147.255;1,024
45.177.180.0;45.177.183.255;1,024
45.177.200.0;45.177.203.255;1,024
45.177.236.0;45.177.239.255;1,024
45.178.0.0;45.178.3.255;1,024
45.178.8.0;45.178.11.255;1,024
45.178.52.0;45.178.55.255;1,024
45.178.68.0;45.178.71.255;1,024
45.178.84.0;45.178.87.255;1,024
45.178.96.0;45.178.99.255;1,024
45.178.104.0;45.178.107.255;1,024
45.178.184.0;45.178.187.255;1,024
45.178.192.0;45.178.195.255;1,024
45.178.244.0;45.178.247.255;1,024
45.178.252.0;45.178.255.255;1,024
45.179.72.0;45.179.75.255;1,024
45.179.92.0;45.179.95.255;1,024
45.179.252.0;45.179.255.255;1,024
45.180.60.0;45.180.63.255;1,024
45.180.76.0;45.180.79.255;1,024
45.181.44.0;45.181.47.255;1,024
45.181.128.0;45.181.131.255;1,024
45.181.164.0;45.181.167.255;1,024
45.181.244.0;45.181.247.255;1,024
45.182.28.0;45.182.31.255;1,024
45.182.124.0;45.182.127.255;1,024
45.182.180.0;45.182.183.255;1,024
45.182.236.0;45.182.239.255;1,024
45.224.8.0;45.224.11.255;1,024
45.224.28.0;45.224.31.255;1,024
45.224.52.0;45.224.55.255;1,024
45.224.104.0;45.224.107.255;1,024
45.224.124.0;45.224.127.255;1,024
45.224.140.0;45.224.143.255;1,024
45.224.156.0;45.224.159.255;1,024
45.224.188.0;45.224.191.255;1,024
45.225.0.0;45.225.3.255;1,024
45.225.28.0;45.225.31.255;1,024
45.225.96.0;45.225.99.255;1,024
45.225.156.0;45.225.159.255;1,024
45.226.8.0;45.226.11.255;1,024
45.226.28.0;45.226.31.255;1,024
45.226.100.0;45.226.103.255;1,024
45.226.144.0;45.226.147.255;1,024
45.226.172.0;45.226.175.255;1,024
45.227.48.0;45.227.51.255;1,024
45.227.68.0;45.227.71.255;1,024
45.227.92.0;45.227.95.255;1,024
45.227.152.0;45.227.155.255;1,024
45.227.172.0;45.227.175.255;1,024
45.227.196.0;45.227.199.255;1,024
45.227.216.0;45.227.219.255;1,024
45.227.224.0;45.227.227.255;1,024
45.227.244.0;45.227.247.255;1,024
45.228.16.0;45.228.19.255;1,024
45.228.56.0;45.228.59.255;1,024
45.228.152.0;45.228.155.255;1,024
45.228.176.0;45.228.179.255;1,024
45.228.188.0;45.228.191.255;1,024
45.228.220.0;45.228.223.255;1,024
45.229.16.0;45.229.19.255;1,024
45.229.28.0;45.229.31.255;1,024
45.229.36.0;45.229.39.255;1,024
45.229.44.0;45.229.47.255;1,024
45.229.60.0;45.229.63.255;1,024
45.229.180.0;45.229.183.255;1,024
45.229.204.0;45.229.207.255;1,024
45.229.248.0;45.229.251.255;1,024
45.230.64.0;45.230.67.255;1,024
45.230.72.0;45.230.75.255;1,024
45.230.80.0;45.230.83.255;1,024
45.230.204.0;45.230.207.255;1,024
45.231.224.0;45.231.227.255;1,024
45.231.248.0;45.231.251.255;1,024
45.232.0.0;45.232.3.255;1,024
45.232.96.0;45.232.99.255;1,024
45.232.144.0;45.232.147.255;1,024
45.232.152.0;45.232.155.255;1,024
45.232.164.0;45.232.167.255;1,024
45.232.204.0;45.232.207.255;1,024
45.233.68.0;45.233.71.255;1,024
45.233.140.0;45.233.143.255;1,024
45.233.234.0;45.233.237.255;1,024
45.234.32.0;45.234.35.255;1,024
45.234.172.0;45.234.175.255;1,024
45.234.180.0;45.234.183.255;1,024
45.234.228.0;45.234.231.255;1,024
45.235.88.0;45.235.91.255;1,024
45.236.24.0;45.236.27.255;1,024
45.236.32.0;45.236.35.255;1,024
45.236.40.0;45.236.43.255;1,024
45.236.80.0;45.236.83.255;1,024
45.236.92.0;45.236.95.255;1,024
45.236.100.0;45.236.103.255;1,024
45.236.232.0;45.236.235.255;1,024
45.237.52.0;45.237.55.255;1,024
45.237.176.0;45.237.179.255;1,024
45.237.220.0;45.237.223.255;1,024
45.238.52.0;45.238.55.255;1,024
45.238.104.0;45.238.107.255;1,024
45.238.192.0;45.238.195.255;1,024
45.238.212.0;45.238.215.255;1,024
45.238.220.0;45.238.223.255;1,024
45.238.248.0;45.238.251.255;1,024
45.239.60.0;45.239.63.255;1,024
45.239.84.0;45.239.87.255;1,024
45.239.92.0;45.239.95.255;1,024
45.239.116.0;45.239.119.255;1,024
83.146.16.0;83.146.19.255;1,024
128.201.20.0;128.201.23.255;1,024
128.201.80.0;128.201.83.255;1,024
128.201.108.0;128.201.111.255;1,024
128.201.132.0;128.201.135.255;1,024
128.201.168.0;128.201.171.255;1,024
128.201.236.0;128.201.239.255;1,024
131.0.104.0;131.0.107.255;1,024
131.0.128.0;131.0.131.255;1,024
131.0.232.0;131.0.235.255;1,024
131.72.0.0;131.72.3.255;1,024
131.72.28.0;131.72.31.255;1,024
131.72.72.0;131.72.75.255;1,024
131.72.132.0;131.72.135.255;1,024
131.72.156.0;131.72.159.255;1,024
131.72.204.0;131.72.207.255;1,024
131.72.240.0;131.72.243.255;1,024
131.100.64.0;131.100.67.255;1,024
131.100.88.0;131.100.91.255;1,024
131.100.100.0;131.100.103.255;1,024
131.100.108.0;131.100.111.255;1,024
131.100.180.0;131.100.183.255;1,024
131.108.0.0;131.108.3.255;1,024
131.108.40.0;131.108.43.255;1,024
131.108.80.0;131.108.83.255;1,024
131.108.140.0;131.108.143.255;1,024
131.161.88.0;131.161.91.255;1,024
131.161.152.0;131.161.155.255;1,024
131.161.184.0;131.161.187.255;1,024
131.196.0.0;131.196.3.255;1,024
131.196.36.0;131.196.39.255;1,024
131.196.72.0;131.196.75.255;1,024
131.196.80.0;131.196.83.255;1,024
131.196.180.0;131.196.183.255;1,024
131.196.188.0;131.196.191.255;1,024
131.221.0.0;131.221.3.255;1,024
131.221.16.0;131.221.19.255;1,024
131.221.64.0;131.221.67.255;1,024
131.255.4.0;131.255.7.255;1,024
131.255.12.0;131.255.15.255;1,024
131.255.60.0;131.255.63.255;1,024
131.255.180.0;131.255.183.255;1,024
131.255.248.0;131.255.251.255;1,024
132.255.112.0;132.255.115.255;1,024
132.255.200.0;132.255.203.255;1,024
132.255.224.0;132.255.227.255;1,024
138.0.56.0;138.0.59.255;1,024
138.0.104.0;138.0.107.255;1,024
138.0.184.0;138.0.187.255;1,024
138.36.16.0;138.36.19.255;1,024
138.36.52.0;138.36.55.255;1,024
138.36.96.0;138.36.99.255;1,024
138.36.148.0;138.36.151.255;1,024
138.36.220.0;138.36.223.255;1,024
138.36.236.0;138.36.239.255;1,024
138.59.0.0;138.59.3.255;1,024
138.59.140.0;138.59.143.255;1,024
138.59.244.0;138.59.247.255;1,024
138.94.12.0;138.94.15.255;1,024
138.97.176.0;138.97.179.255;1,024
138.97.200.0;138.97.203.255;1,024
138.97.236.0;138.97.239.255;1,024
138.99.4.0;138.99.7.255;1,024
138.99.128.0;138.99.131.255;1,024
138.99.172.0;138.99.175.255;1,024
138.99.184.0;138.99.187.255;1,024
138.99.220.0;138.99.223.255;1,024
138.117.48.0;138.117.51.255;1,024
138.117.112.0;138.117.115.255;1,024
138.117.128.0;138.117.131.255;1,024
138.117.156.0;138.117.159.255;1,024
138.117.200.0;138.117.203.255;1,024
138.118.36.0;138.118.39.255;1,024
138.118.48.0;138.118.51.255;1,024
138.118.112.0;138.118.115.255;1,024
138.118.144.0;138.118.147.255;1,024
138.121.112.0;138.121.115.255;1,024
138.121.124.0;138.121.127.255;1,024
138.121.160.0;138.121.163.255;1,024
138.121.228.0;138.121.231.255;1,024
138.121.240.0;138.121.243.255;1,024
138.122.128.0;138.122.131.255;1,024
138.122.156.0;138.122.159.255;1,024
138.122.188.0;138.122.191.255;1,024
138.122.228.0;138.122.231.255;1,024
138.185.80.0;138.185.83.255;1,024
138.185.112.0;138.185.115.255;1,024
138.185.140.0;138.185.143.255;1,024
138.185.204.0;138.185.207.255;1,024
138.186.160.0;138.186.163.255;1,024
138.186.244.0;138.186.247.255;1,024
138.186.252.0;138.186.255.255;1,024
138.204.40.0;138.204.43.255;1,024
138.204.216.0;138.204.219.255;1,024
138.219.16.0;138.219.19.255;1,024
138.219.40.0;138.219.43.255;1,024
138.219.60.0;138.219.63.255;1,024
138.219.80.0;138.219.83.255;1,024
138.219.160.0;138.219.163.255;1,024
138.219.232.0;138.219.235.255;1,024
138.219.248.0;138.219.251.255;1,024
138.255.80.0;138.255.83.255;1,024
138.255.88.0;138.255.91.255;1,024
138.255.168.0;138.255.171.255;1,024
139.81.204.0;139.81.207.255;1,024
143.0.64.0;143.0.67.255;1,024
143.0.168.0;143.0.171.255;1,024
143.0.244.0;143.0.247.255;1,024
143.137.20.0;143.137.23.255;1,024
143.137.244.0;143.137.247.255;1,024
143.202.32.0;143.202.35.255;1,024
143.202.88.0;143.202.91.255;1,024
143.202.96.0;143.202.99.255;1,024
143.202.136.0;143.202.139.255;1,024
143.202.144.0;143.202.147.255;1,024
143.202.192.0;143.202.195.255;1,024
143.202.200.0;143.202.203.255;1,024
143.208.36.0;143.208.39.255;1,024
143.208.44.0;143.208.47.255;1,024
143.255.36.0;143.255.39.255;1,024
143.255.136.0;143.255.139.255;1,024
143.255.152.0;143.255.155.255;1,024
160.20.80.0;160.20.83.255;1,024
160.238.168.0;160.238.171.255;1,024
160.238.204.0;160.238.207.255;1,024
161.0.64.0;161.0.67.255;1,024
162.12.196.0;162.12.199.255;1,024
164.163.40.0;164.163.43.255;1,024
164.163.56.0;164.163.59.255;1,024
164.163.120.0;164.163.123.255;1,024
164.163.128.0;164.163.131.255;1,024
164.163.216.0;164.163.219.255;1,024
167.249.44.0;167.249.47.255;1,024
167.249.52.0;167.249.55.255;1,024
167.249.216.0;167.249.219.255;1,024
167.250.4.0;167.250.7.255;1,024
167.250.168.0;167.250.171.255;1,024
167.250.208.0;167.250.211.255;1,024
168.0.56.0;168.0.59.255;1,024
168.0.184.0;168.0.187.255;1,024
168.90.8.0;168.90.11.255;1,024
168.90.72.0;168.90.75.255;1,024
168.90.84.0;168.90.87.255;1,024
168.90.128.0;168.90.131.255;1,024
168.90.160.0;168.90.163.255;1,024
168.90.252.0;168.90.255.255;1,024
168.121.56.0;168.121.59.255;1,024
168.121.116.0;168.121.119.255;1,024
168.181.24.0;168.181.27.255;1,024
168.181.44.0;168.181.47.255;1,024
168.181.72.0;168.181.75.255;1,024
168.181.176.0;168.181.179.255;1,024
168.181.184.0;168.181.187.255;1,024
168.194.32.0;168.194.35.255;1,024
168.194.52.0;168.194.55.255;1,024
168.194.140.0;168.194.143.255;1,024
168.194.180.0;168.194.183.255;1,024
168.194.204.0;168.194.207.255;1,024
168.194.216.0;168.194.219.255;1,024
168.194.232.0;168.194.235.255;1,024
168.195.36.0;168.195.39.255;1,024
168.195.108.0;168.195.111.255;1,024
168.195.116.0;168.195.119.255;1,024
168.195.184.0;168.195.187.255;1,024
168.196.0.0;168.196.3.255;1,024
168.196.24.0;168.196.27.255;1,024
168.196.32.0;168.196.35.255;1,024
168.196.112.0;168.196.115.255;1,024
168.196.140.0;168.196.143.255;1,024
168.196.156.0;168.196.159.255;1,024
168.196.224.0;168.196.227.255;1,024
168.196.244.0;168.196.247.255;1,024
168.196.252.0;168.196.255.255;1,024
168.197.164.0;168.197.167.255;1,024
168.197.216.0;168.197.219.255;1,024
168.197.248.0;168.197.251.255;1,024
168.205.0.0;168.205.3.255;1,024
168.205.92.0;168.205.95.255;1,024
168.205.184.0;168.205.187.255;1,024
168.227.4.0;168.227.7.255;1,024
168.227.24.0;168.227.27.255;1,024
168.227.96.0;168.227.99.255;1,024
168.227.144.0;168.227.147.255;1,024
168.227.252.0;168.227.255.255;1,024
168.228.56.0;168.228.59.255;1,024
168.228.224.0;168.228.227.255;1,024
168.232.88.0;168.232.91.255;1,024
168.232.140.0;168.232.143.255;1,024
168.232.248.0;168.232.251.255;1,024
170.0.8.0;170.0.11.255;1,024
170.0.84.0;170.0.87.255;1,024
170.0.92.0;170.0.95.255;1,024
170.78.44.0;170.78.47.255;1,024
170.78.72.0;170.78.75.255;1,024
170.78.88.0;170.78.91.255;1,024
170.78.108.0;170.78.111.255;1,024
170.78.124.0;170.78.127.255;1,024
170.78.136.0;170.78.139.255;1,024
170.78.200.0;170.78.203.255;1,024
170.78.220.0;170.78.223.255;1,024
170.79.16.0;170.79.19.255;1,024
170.79.180.0;170.79.183.255;1,024
170.79.252.0;170.79.255.255;1,024
170.80.24.0;170.80.27.255;1,024
170.80.108.0;170.80.111.255;1,024
170.80.116.0;170.80.119.255;1,024
170.80.136.0;170.80.139.255;1,024
170.80.200.0;170.80.203.255;1,024
170.80.228.0;170.80.231.255;1,024
170.81.212.0;170.81.215.255;1,024
170.81.228.0;170.81.231.255;1,024
170.83.4.0;170.83.7.255;1,024
170.83.32.0;170.83.35.255;1,024
170.83.52.0;170.83.55.255;1,024
170.83.108.0;170.83.111.255;1,024
170.83.124.0;170.83.127.255;1,024
170.83.220.0;170.83.223.255;1,024
170.84.44.0;170.84.47.255;1,024
170.84.168.0;170.84.171.255;1,024
170.84.204.0;170.84.207.255;1,024
170.84.212.0;170.84.215.255;1,024
170.84.232.0;170.84.235.255;1,024
170.84.252.0;170.84.255.255;1,024
170.150.8.0;170.150.11.255;1,024
170.150.32.0;170.150.35.255;1,024
170.150.44.0;170.150.47.255;1,024
170.150.116.0;170.150.119.255;1,024
170.150.152.0;170.150.155.255;1,024
170.150.196.0;170.150.199.255;1,024
170.231.36.0;170.231.39.255;1,024
170.231.68.0;170.231.71.255;1,024
170.231.76.0;170.231.79.255;1,024
170.231.124.0;170.231.127.255;1,024
170.231.136.0;170.231.139.255;1,024
170.231.160.0;170.231.163.255;1,024
170.231.176.0;170.231.179.255;1,024
170.231.204.0;170.231.207.255;1,024
170.233.28.0;170.233.31.255;1,024
170.233.68.0;170.233.71.255;1,024
170.233.92.0;170.233.95.255;1,024
170.233.116.0;170.233.119.255;1,024
170.233.124.0;170.233.127.255;1,024
170.233.176.0;170.233.179.255;1,024
170.233.208.0;170.233.211.255;1,024
170.233.232.0;170.233.235.255;1,024
170.238.8.0;170.238.11.255;1,024
170.238.20.0;170.238.23.255;1,024
170.238.40.0;170.238.43.255;1,024
170.238.124.0;170.238.127.255;1,024
170.238.204.0;170.238.207.255;1,024
170.239.48.0;170.239.51.255;1,024
170.239.88.0;170.239.91.255;1,024
170.239.128.0;170.239.131.255;1,024
170.239.180.0;170.239.183.255;1,024
170.239.244.0;170.239.247.255;1,024
170.244.48.0;170.244.51.255;1,024
170.244.56.0;170.244.59.255;1,024
170.244.128.0;170.244.131.255;1,024
170.245.168.0;170.245.171.255;1,024
170.245.208.0;170.245.211.255;1,024
170.245.232.0;170.245.235.255;1,024
170.246.20.0;170.246.23.255;1,024
170.246.48.0;170.246.51.255;1,024
170.246.88.0;170.246.91.255;1,024
170.246.244.0;170.246.247.255;1,024
170.247.56.0;170.247.59.255;1,024
170.247.76.0;170.247.79.255;1,024
170.247.88.0;170.247.91.255;1,024
170.247.96.0;170.247.99.255;1,024
170.247.120.0;170.247.123.255;1,024
170.247.140.0;170.247.143.255;1,024
170.254.60.0;170.254.63.255;1,024
170.254.92.0;170.254.95.255;1,024
170.254.128.0;170.254.131.255;1,024
170.254.156.0;170.254.159.255;1,024
170.254.164.0;170.254.167.255;1,024
170.254.204.0;170.254.207.255;1,024
177.234.128.0;177.234.131.255;1,024
179.0.4.0;179.0.7.255;1,024
179.43.100.0;179.43.103.255;1,024
179.48.252.0;179.48.255.255;1,024
179.60.208.0;179.60.211.255;1,024
179.63.248.0;179.63.251.255;1,024
181.114.60.0;181.114.63.255;1,024
181.191.36.0;181.191.39.255;1,024
181.191.64.0;181.191.67.255;1,024
181.191.80.0;181.191.83.255;1,024
181.191.124.0;181.191.127.255;1,024
181.191.140.0;181.191.143.255;1,024
181.191.156.0;181.191.159.255;1,024
181.191.220.0;181.191.223.255;1,024
181.224.164.0;181.224.167.255;1,024
181.225.136.0;181.225.139.255;1,024
186.0.152.0;186.0.155.255;1,024
186.65.108.0;186.65.111.255;1,024
190.13.112.0;190.13.115.255;1,024
190.93.40.0;190.93.43.255;1,024
190.99.112.0;190.99.115.255;1,024
190.108.192.0;190.108.195.255;1,024
190.108.216.0;190.108.219.255;1,024
190.111.124.0;190.111.127.255;1,024
190.112.196.0;190.112.199.255;1,024
190.112.216.0;190.112.219.255;1,024
190.120.244.0;190.120.247.255;1,024
190.122.180.0;190.122.183.255;1,024
190.180.144.0;190.180.147.255;1,024
190.184.192.0;190.184.195.255;1,024
190.211.244.0;190.211.247.255;1,024
191.97.96.0;191.97.99.255;1,024
192.140.16.0;192.140.19.255;1,024
192.140.60.0;192.140.63.255;1,024
192.141.20.0;192.141.23.255;1,024
192.141.92.0;192.141.95.255;1,024
192.141.148.0;192.141.151.255;1,024
192.141.208.0;192.141.211.255;1,024
192.141.228.0;192.141.231.255;1,024
196.32.86.0;196.32.89.255;1,024
200.0.96.0;200.0.99.255;1,024
200.85.136.0;200.85.139.255;1,024
200.106.240.0;200.106.243.255;1,024
200.229.148.0;200.229.151.255;1,024
200.229.252.0;200.229.255.255;1,024
201.139.80.0;201.139.83.255;1,024
201.140.224.0;201.140.227.255;1,024
201.159.216.0;201.159.219.255;1,024
201.182.16.0;201.182.19.255;1,024
201.182.80.0;201.182.83.255;1,024
201.182.188.0;201.182.191.255;1,024
201.217.244.0;201.217.247.255;1,024
201.222.16.0;201.222.19.255;1,024
201.222.56.0;201.222.59.255;1,024
201.234.0.0;201.234.3.255;1,024
207.248.74.0;207.248.77.255;1,024
207.248.92.0;207.248.95.255;1,024
207.248.124.0;207.248.127.255;1,024
216.74.108.0;216.74.111.255;1,024
216.194.128.0;216.194.131.255;1,024
5.53.5.153;5.53.5.153;1
31.13.28.81;31.13.28.81;1
31.13.28.83;31.13.28.83;1
45.12.70.10;45.12.70.10;1
45.12.71.10;45.12.71.10;1
63.174.231.151;63.174.231.151;1
64.95.245.127;64.95.245.127;1
64.208.72.237;64.208.72.237;1
64.208.72.241;64.208.72.241;1
64.211.72.79;64.211.72.79;1
64.214.20.136;64.214.20.136;1
67.16.129.162;67.16.129.162;1
67.16.141.177;67.16.141.177;1
67.16.160.93;67.16.160.93;1
67.16.160.97;67.16.160.97;1
67.16.160.137;67.16.160.137;1
67.16.160.141;67.16.160.141;1
67.16.160.153;67.16.160.153;1
67.16.161.9;67.16.161.9;1
67.16.161.101;67.16.161.101;1
67.16.162.142;67.16.162.142;1
67.16.164.245;67.16.164.245;1
67.16.165.33;67.16.165.33;1
67.16.165.45;67.16.165.45;1
67.16.166.142;67.16.166.142;1
67.16.166.149;67.16.166.149;1
67.16.167.25;67.16.167.25;1
67.16.168.153;67.16.168.153;1
67.16.172.160;67.16.172.160;1
67.16.172.182;67.16.172.182;1
67.16.179.77;67.16.179.77;1
67.16.179.93;67.16.179.93;1
67.16.179.115;67.16.179.115;1
67.16.179.119;67.16.179.119;1
67.17.58.194;67.17.58.194;1
67.17.61.246;67.17.61.246;1
67.17.66.85;67.17.66.85;1
67.17.66.109;67.17.66.109;1
67.17.67.1;67.17.67.1;1
67.17.71.163;67.17.71.163;1
67.17.76.118;67.17.76.118;1
67.17.80.46;67.17.80.46;1
67.17.80.93;67.17.80.93;1
67.17.80.108;67.17.80.108;1
67.17.81.116;67.17.81.116;1
67.17.81.130;67.17.81.130;1
67.17.81.172;67.17.81.172;1
67.17.82.140;67.17.82.140;1
67.17.82.145;67.17.82.145;1
67.17.82.239;67.17.82.239;1
67.17.83.32;67.17.83.32;1
67.17.83.78;67.17.83.78;1
67.17.83.162;67.17.83.162;1
67.17.83.169;67.17.83.169;1
67.17.83.177;67.17.83.177;1
67.17.86.233;67.17.86.233;1
67.17.86.237;67.17.86.237;1
67.17.89.73;67.17.89.73;1
67.17.89.77;67.17.89.77;1
67.17.89.81;67.17.89.81;1
67.17.89.85;67.17.89.85;1
67.17.92.217;67.17.92.217;1
67.17.93.104;67.17.93.104;1
67.17.96.99;67.17.96.99;1
67.17.99.218;67.17.99.218;1
67.17.102.61;67.17.102.61;1
67.17.102.121;67.17.102.121;1
67.17.102.125;67.17.102.125;1
67.17.106.81;67.17.106.81;1
67.17.107.93;67.17.107.93;1
74.119.77.185;74.119.77.185;1
74.119.77.187;74.119.77.187;1
74.119.77.227;74.119.77.227;1
74.119.77.253;74.119.77.253;1
82.195.173.241;82.195.173.241;1
94.142.103.153;94.142.103.153;1
94.142.116.84;94.142.116.84;1
94.142.117.8;94.142.117.8;1
94.142.121.209;94.142.121.209;1
94.142.121.217;94.142.121.217;1
94.142.121.221;94.142.121.221;1
94.142.121.237;94.142.121.237;1
129.134.36.187;129.134.36.187;1
129.134.36.189;129.134.36.189;1
129.134.58.224;129.134.58.224;1
130.244.12.3;130.244.12.3;1
130.244.12.175;130.244.12.175;1
130.244.14.118;130.244.14.118;1
130.244.19.205;130.244.19.205;1
130.244.19.235;130.244.19.235;1
130.244.20.33;130.244.20.33;1
130.244.21.1;130.244.21.1;1
130.244.22.173;130.244.22.173;1
130.244.25.117;130.244.25.117;1
130.244.26.187;130.244.26.187;1
130.244.32.147;130.244.32.147;1
130.244.34.127;130.244.34.127;1
130.244.37.43;130.244.37.43;1
130.244.39.161;130.244.39.161;1
130.244.43.247;130.244.43.247;1
130.244.47.185;130.244.47.185;1
130.244.98.50;130.244.98.50;1
130.244.106.115;130.244.106.115;1
130.244.116.137;130.244.116.137;1
130.244.120.55;130.244.120.55;1
130.244.122.103;130.244.122.103;1
130.244.140.90;130.244.140.90;1
130.244.145.219;130.244.145.219;1
130.244.148.117;130.244.148.117;1
130.244.148.135;130.244.148.135;1
130.244.148.159;130.244.148.159;1
130.244.153.177;130.244.153.177;1
130.244.154.87;130.244.154.87;1
130.244.154.242;130.244.154.242;1
130.244.241.211;130.244.241.211;1
140.222.237.44;140.222.237.44;1
140.222.238.177;140.222.238.177;1
140.222.238.179;140.222.238.179;1
140.222.240.252;140.222.240.252;1
140.222.244.252;140.222.244.252;1
140.222.246.78;140.222.246.78;1
140.222.247.78;140.222.247.78;1
149.3.181.57;149.3.181.57;1
149.3.181.73;149.3.181.73;1
150.101.227.58;150.101.227.58;1
150.101.227.66;150.101.227.66;1
157.191.243.2;157.191.243.2;1
157.191.243.66;157.191.243.66;1
157.191.243.130;157.191.243.130;1
157.240.47.89;157.240.47.89;1
161.69.122.20;161.69.122.20;1
176.52.248.78;176.52.248.78;1
185.70.203.2;185.70.203.2;1
185.70.203.4;185.70.203.4;1
185.70.203.30;185.70.203.30;1
185.70.203.36;185.70.203.36;1
185.70.203.49;185.70.203.49;1
185.70.203.52;185.70.203.52;1
185.70.203.68;185.70.203.68;1
185.70.203.74;185.70.203.74;1
185.70.203.76;185.70.203.76;1
185.70.203.78;185.70.203.78;1
185.70.203.82;185.70.203.82;1
185.70.203.86;185.70.203.86;1
185.70.203.88;185.70.203.88;1
185.70.203.96;185.70.203.96;1
185.70.203.98;185.70.203.98;1
185.70.203.100;185.70.203.100;1
185.70.203.104;185.70.203.104;1
185.125.225.26;185.125.225.26;1
186.64.37.7;186.64.37.7;1
186.250.155.250;186.250.155.250;1
195.0.241.187;195.0.241.187;1
195.0.241.189;195.0.241.189;1
195.0.243.181;195.0.243.181;1
195.0.243.183;195.0.243.183;1
195.22.199.5;195.22.199.5;1
195.22.199.69;195.22.199.69;1
195.22.199.71;195.22.199.71;1
195.22.199.129;195.22.199.129;1
195.22.199.145;195.22.199.145;1
195.22.199.163;195.22.199.163;1
195.22.220.18;195.22.220.18;1
195.22.220.126;195.22.220.126;1
195.22.220.138;195.22.220.138;1
195.22.220.140;195.22.220.140;1
195.22.220.142;195.22.220.142;1
195.22.220.168;195.22.220.168;1
195.22.220.190;195.22.220.190;1
195.22.220.192;195.22.220.192;1
195.22.220.218;195.22.220.218;1
195.22.220.230;195.22.220.230;1
195.22.221.9;195.22.221.9;1
195.22.221.11;195.22.221.11;1
195.22.221.13;195.22.221.13;1
195.22.221.15;195.22.221.15;1
195.22.221.193;195.22.221.193;1
195.22.221.195;195.22.221.195;1
195.112.184.91;195.112.184.91;1
195.112.184.105;195.112.184.105;1
195.112.184.134;195.112.184.134;1
195.112.185.26;195.112.185.26;1
195.112.185.48;195.112.185.48;1
195.112.185.68;195.112.185.68;1
195.112.185.148;195.112.185.148;1
195.112.185.156;195.112.185.156;1
195.112.185.176;195.112.185.176;1
195.112.185.224;195.112.185.224;1
195.112.185.243;195.112.185.243;1
195.112.185.252;195.112.185.252;1
199.46.245.85;199.46.245.85;1
200.49.9.86;200.49.9.86;1
200.55.0.209;200.55.0.209;1
200.55.1.33;200.55.1.33;1
200.55.1.35;200.55.1.35;1
200.55.2.1;200.55.2.1;1
200.55.2.5;200.55.2.5;1
200.55.2.7;200.55.2.7;1
200.55.2.9;200.55.2.9;1
200.55.2.11;200.55.2.11;1
200.55.2.143;200.55.2.143;1
200.55.2.149;200.55.2.149;1
200.55.2.157;200.55.2.157;1
200.55.16.131;200.55.16.131;1
200.55.16.142;200.55.16.142;1
200.55.16.153;200.55.16.153;1
201.234.144.189;201.234.144.189;1
202.126.15.6;202.126.15.6;1
202.224.39.124;202.224.39.124;1
204.15.20.213;204.15.20.213;1
204.246.244.177;204.246.244.177;1
204.246.244.181;204.246.244.181;1
207.138.122.85;207.138.122.85;1
208.48.251.207;208.48.251.207;1
208.48.251.221;208.48.251.221;1
208.51.32.97;208.51.32.97;1
208.51.32.99;208.51.32.99;1
210.138.123.89;210.138.123.89;1
210.138.123.121;210.138.123.121;1
212.63.179.76;212.63.179.76;1
212.63.186.14;212.63.186.14;1
212.63.186.23;212.63.186.23;1
212.63.186.54;212.63.186.54;1
212.63.186.62;212.63.186.62;1
212.63.186.84;212.63.186.84;1
212.63.186.87;212.63.186.87;1
212.63.186.168;212.63.186.168;1
212.63.188.29;212.63.188.29;1
212.124.239.42;212.124.239.42;1
212.124.239.90;212.124.239.90;1
212.151.182.188;212.151.182.188;1
212.151.195.135;212.151.195.135;1
212.151.220.59;212.151.220.59;1
212.151.252.172;212.151.252.172;1
212.151.252.174;212.151.252.174;1
212.151.252.182;212.151.252.182;1
212.151.252.184;212.151.252.184;1
213.140.39.117;213.140.39.117;1
213.140.51.214;213.140.51.214;1
216.98.97.198;216.98.97.198;1
